.,11
.o,1
a,15170
ab,109
abc,1
abs,1
ac,10
ach,2
ad,293
adc,1
adcp,1
adf,1
adj,1
ads,2
adsl,1
af,35
afl,1
afs,1
ag,2
agf,1
agg,1
aggf,1
ags,2
agss,1
ah,1
ahp,1
aj,18
ak,904
akn,2
akp,1
aks,1
akt,1
al,1760
alj,26
alk,1
all,1
alm,1
alp,17
alt,3
alth,2
aly,1
alz,1
am,515
amd,1
amps,1
ams,1
an,2581
anb,1
anc,1
and,37
andy,1
ang,11
angl,5
ann,4
anp,1
ans,3
ant,6
anz,1
ap,173
apk,1
apl,1
apm,1
apn,1
app,2
apps,1
aps,1
apsn,1
ar,1524
ard,7
ark,17
arm,1
arn,2
arp,3
ars,2
art,3
ary,2
as,46
asb,1
ash,2
ask,1
asm,1
asn,1
asp,2
assp,1
ast,3
asy,1
at,31
atc,1
atm,1
atp,1
ats,2
atv,1
aty,1
av,3
az,20
aztn,1
b,71
ba,9846
bab,13
baby,6
bac,26
bach,1
back,3
bad,76
bag,1
bah,35
baj,287
bajc,1
bajn,1
bajs,1
bajt,12
bak,143
bakl,1
bal,451
balj,5
ball,3
balls,1
balt,17
bam,67
ban,687
band,5
banj,47
bank,3
bant,9
bap,10
bar,704
barb,1
bard,36
bark,3
barn,1
bart,2
bas,3
basf,1
bask,1
bass,1
bast,14
bat,140
bav,73
bax,1
bay,1
baz,2
bać,1
bač,8
baš,46
baž,5
bchne,2
bde,1
bdi,19
bdij,2
bdim,1
bdiš,1
bdje,65
bdjeh,1
bdjet,3
bdjev,3
bdji,1
bdpa,1
bdpu,1
be,7349
bec,13
beck,2
bed,14
bedž,1
beg,3
beh,1
bej,74
bek,8
bel,109
belj,66
bell,3
bem,17
ben,361
benc,1
bend,1
benny,1
bens,2
bent,4
benz,3
ber,401
berg,7
bern,21
bert,7
bes,118
best,8
bet,62
betsy,1
bevk,1
bex,1
bez,204
bezv,21
beč,1
beš,59
bež,5
bfi,1
bfor,2
bhin,1
bhu,1
bi,11341
bic,2
bid,4
bif,8
big,2
bigl,1
bih,74
bij,156
bije,23
bijeg,1
bijel,1
bijes,1
bijest,1
bik,9
bil,959
bild,3
bilj,30
bill,1
billy,1
bilnst,1
bim,105
bims,1
bin,265
bing,1
binj,19
bins,1
binsk,1
bip,1
bir,231
birsk,1
bis,5
bist,3
bit,406
bitk,1
biv,177
biz,3
bizl,1
bić,40
bič,275
biš,76
bja,253
bjan,10
bje,1449
bjeb,1
bjed,1
bjeg,2
bjeh,2
bjek,218
bjekn,1
bjekt,36
bjel,26
bjer,1
bjes,1
bjet,3
bjev,2
bjr,1
bju,2
bkla,1
bla,1400
blac,7
blag,2
blah,1
blaj,8
blak,3
blam,1
blan,57
blar,1
blast,21
blat,102
blač,37
blaš,3
blaž,1
ble,523
blec,1
bled,15
blef,1
blem,20
blen,51
bler,20
bles,1
blet,1
bli,1659
blic,1
blih,4
blij,15
blije,15
blijed,1
blik,9
blim,6
blin,96
blind,1
blinj,3
blit,2
bliv,1
bliz,1
blić,4
blič,60
bliš,1
blja,642
bljah,25
bljaj,31
bljak,3
bljam,10
bljan,43
bljanj,2
bljar,8
bljast,1
bljat,10
bljav,21
bljač,1
bljaš,10
blje,1320
bljeg,10
bljem,31
bljen,110
bljet,15
blješ,2
blji,658
bljih,14
bljim,15
bljin,1
bljiv,43
bljo,2
bljoj,11
bljom,16
blju,351
bljuc,3
bljuj,26
bljuv,13
bljušt,1
blo,294
blob,1
bloc,1
block,3
blog,3
bloj,2
blok,11
blom,11
blon,32
blost,2
blot,3
blov,14
bloč,3
bloš,1
blu,229
blud,9
blut,3
bmod,1
bnda,1
bndu,1
bnpa,1
bnspe,1
bo,7595
bob,2
bobby,1
boc,93
bod,149
body,2
bofl,1
bog,13
boh,10
boj,473
bok,24
boks,2
bol,240
boldt,1
bolj,142
bolt,10
bom,403
bomb,1
bon,146
bond,1
bonj,7
bonn,14
bor,567
bord,1
borg,4
born,3
bort,3
boršč,1
bos,5
boss,1
bost,11
bot,60
both,1
bov,86
bow,4
boy,2
boč,57
boš,23
bož,14
bpa,1
bpel,1
br,1724
bra,3428
brac,2
brad,25
brady,1
brag,6
brah,13
brahms,1
braj,15
brak,1
bral,37
bram,25
bran,196
brand,7
brandy,1
brang,1
branj,1
brant,1
brast,2
brat,86
brav,31
brax,1
bray,1
braz,3
brač,63
braš,1
brc,23
brd,34
bre,1088
brec,29
bred,2
breg,1
brej,24
brek,7
brem,35
bren,54
brent,1
brest,1
bret,7
brew,2
brež,5
bri,1809
brid,5
bridž,1
brig,4
brigg,2
bright,1
brih,10
brij,34
brije,2
brijeg,1
brijest,1
brik,3
bril,31
brim,14
brin,6
brinj,13
bris,3
brist,1
brit,19
briv,8
brix,1
brić,4
brič,2
briš,10
brje,10
brk,2
brn,18
bro,1776
brod,62
brog,2
broj,270
brok,1
brom,36
bromp,1
bron,123
bronh,1
bronn,1
brost,1
brov,16
brow,1
brown,1
browns,1
broz,2
broć,1
broč,16
broš,2
brst,1
brt,81
bru,621
brub,3
bruc,2
bruh,1
bruj,7
bruk,2
brun,30
brus,3
brut,1
bruz,1
bruč,6
brv,7
bry,1
brz,2
brč,23
brš,2
bse,1
bsim,2
bsin,1
bsku,1
bsta,3
bu,5138
bub,98
buc,3
bucy,2
bud,58
budd,1
buddy,1
buf,1
bug,1
buh,2
buj,153
buk,63
bukt,1
bul,58
bulb,1
bulj,21
bull,1
bum,44
bun,222
bund,3
bunj,7
bunt,1
bur,461
burg,17
burgh,2
burn,5
bus,24
bush,1
but,50
buv,2
buzz,1
buć,60
buč,119
bval,1
bvši,1
byr,1
byte,2
bzi,1
c,113
ca,9937
cac,1
cacm,1
cad,2
caf,1
cah,91
caj,319
cajt,1
cak,17
cal,27
calj,22
call,1
cam,74
camp,2
can,144
canj,10
cant,1
cap,26
car,93
card,1
cards,1
carl,1
carly,1
cart,1
cas,7
cast,3
cat,104
cav,64
cay,1
cač,6
caš,57
cca,1
cci,1
ccitt,1
ccnr,1
ccvi,3
cda,1
cdi,1
cdma,1
cdpsklop,1
cdro,2
cdrom,1
cdu,2
cdur,1
ce,5650
ced,1
cef,7
ceg,12
ceh,1
cej,11
cek,4
cel,21
celj,19
cell,2
cem,792
cen,1304
cenc,14
cens,1
cent,85
cenč,7
cep,127
ceps,3
cept,14
cer,140
cern,2
cerny,1
cert,18
ces,8
cest,2
cet,7
cev,2
cey,1
cfor,1
cfpa,1
cgli,2
cha,19
cham,4
chan,5
char,11
chard,2
charpy,1
che,38
ched,1
chel,6
chen,12
cher,13
ches,1
chess,1
chey,1
chez,1
chi,31
chil,2
chin,2
chip,2
chit,1
chiv,1
chla,1
cho,21
chof,2
choh,1
chov,22
chri,10
chris,1
chro,1
chu,6
chuc,1
chul,1
chum,4
chup,1
chur,2
chus,1
ci,29459
cic,1
cid,25
cif,1
cih,162
cij,4121
cije,27
cijed,1
cijep,2
cijev,3
cijeđ,1
cik,35
cikc,1
cikl,6
cil,118
cilj,18
cim,190
cin,326
cing,1
cinj,5
cink,3
cint,1
cip,16
cir,236
cirk,1
cis,5
cist,8
cit,127
civ,24
cić,2
ciš,12
cje,1032
cjed,4
cjem,1
cjen,41
cjenj,27
cjent,1
cjep,85
cjev,16
cji,3
ckla,1
ckva,1
cla,11
clabsch,1
clancys,1
clar,2
clark,1
cle,6
cli,1
cliff,1
clin,7
clip,1
clo,2
clr,1
clu,2
club,1
cma,90
cmast,1
cme,2
cmi,88
cmo,63
cmok,1
cmos,1
cmr,1
cni,1
cnit,1
co,1260
cob,2
cobs,1
coc,3
cof,1
cog,1
coj,161
cok,12
col,9
com,2006
comm,1
comms,1
comt,1
con,12
cond,1
cor,6
cord,1
cords,1
corn,1
corp,1
cory,2
cos,1
cott,1
cov,12
cow,1
cox,1
coš,2
cpa,1
cpdkar,2
cpe,1
cpitn,1
cpo,2
cpsi,2
cptsi,1
cpu,4
cpva,1
cr,2091
cra,6
craj,2
cran,2
crat,1
cray,1
crd,1
cre,74
cres,1
crest,1
cret,1
crev,3
cri,53
crije,2
crijep,1
crijev,1
cript,1
cris,1
crje,8
crjev,3
crl,1
crm,1
crn,64
cro,36
croh,2
crop,1
cros,2
cross,1
crosy,1
crp,18
crpst,2
crt,62
cru,1
cruz,1
crv,17
csa,1
csi,2
cska,1
csta,1
csu,1
cte,1
ctrl,1
cu,3253
cuc,41
cug,1
cuj,20
cum,1
cun,4
cung,1
cup,30
cur,24
cus,1
cut,16
cuz,2
cva,174
cval,1
cvan,14
cvast,2
cvat,12
cvav,1
cve,23
cvek,1
cvet,1
cvi,151
cvije,1
cvijet,4
cvje,189
cvjet,39
cvo,66
cvok,13
cvr,126
cvrc,24
cvrč,2
cyber,3
d,100
d.o,1
da,12047
dab,2
dac,21
dad,8
dadž,1
daf,1
dag,1
dah,317
dahl,1
daj,471
dajz,1
dak,224
dakl,1
daks,1
dakt,1
dal,285
dalj,39
dalp,4
dam,276
dams,1
dan,845
danj,17
dans,3
dant,94
daq,1
dar,953
darcy,1
dard,2
darm,3
dary,1
das,2
dast,9
dat,264
dav,222
dax,1
day,12
dać,8
dač,75
daš,136
daž,12
dažd,1
dba,1
dcpre,1
dcu,1
ddr,1
de,13708
deb,10
dec,3
dect,1
def,6
deg,2
deh,1
dej,70
dek,42
deks,4
del,137
delj,26
dell,1
delp,6
delt,2
dem,158
den,1007
denc,1
dend,2
denj,7
denn,1
dens,2
dent,247
dep,1
der,563
derm,4
ders,1
deryc,1
des,7
desk,4
desn,2
dest,3
det,51
dev,1
dex,3
dez,1
deć,1
deš,58
dež,5
dfen,1
dgu,1
dhku,1
di,22106
dic,3
dick,2
did,2
didl,1
dif,83
dig,1
dih,171
dij,369
dije,32
dijel,1
dijj,1
dik,216
dikt,3
dil,48
dilj,55
dim,308
din,432
ding,5
dinj,10
dinš,2
dip,2
dipl,1
dir,274
dis,15
dish,1
disk,6
diss,1
dist,14
dit,269
div,261
dix,1
dić,63
dič,272
diš,261
dja,189
djaj,1
djal,3
djar,35
dje,2119
djed,4
djeh,15
djek,18
djel,61
djelj,56
djet,30
djev,32
dječ,15
dji,16
djin,3
djo,1
dju,25
djun,8
djunk,6
djunkt,1
dkla,1
dla,577
dlac,1
dlah,2
dlaj,13
dlak,47
dlam,2
dlan,4
dland,1
dlanj,5
dlar,10
dlat,3
dlav,1
dlaš,4
dle,212
dled,1
dlem,1
dlež,2
dležn,1
dli,290
dlih,2
dlij,3
dlije,6
dlim,1
dlin,1
dlit,1
dliv,3
dlić,1
dlič,46
dlo,318
dlog,5
dloj,1
dlom,12
dlost,1
dlov,3
dlovsk,1
dloš,5
dlpa,1
dlu,124
dluč,64
dma,2
dme,1
dmi,1
dna,1050
dnadž,24
dnaj,2
dnak,3
dnan,2
dnar,1
dne,925
dnem,27
dnen,1
dner,1
dnev,7
dney,1
dneš,24
dni,4631
dnih,373
dnije,3
dnik,109
dnim,364
dnin,14
dnit,2
dniv,2
dniz,1
dnič,7
dniš,9
dnje,3
dnka,1
dnku,1
dnkvi,1
dno,3693
dnog,320
dnoj,352
dnom,348
dnor,2
dnos,4
dnost,160
dnoć,1
dnoš,96
dnož,5
dnu,534
dnuh,5
dnuj,4
dnut,19
dnuv,16
do,19849
dob,337
doc,5
dod,11
dodž,15
dog,15
doh,79
doj,165
dok,243
doks,3
dol,91
dolf,2
dolj,8
dom,567
don,249
dont,56
dop,28
dor,147
dorf,10
dory,1
dos,8
dost,16
dot,2
dov,213
dow,9
down,1
dows,2
dox,1
doč,24
doš,12
dpa,1
dpo,1
dppa,1
dr,2089
dra,1993
drac,5
drad,8
drag,3
drah,5
draj,10
drak,1
dral,13
dram,40
dran,89
drant,31
drap,1
drar,14
drast,3
drat,76
drav,47
draz,1
drać,1
drač,1
draš,4
draž,5
dre,1523
dred,18
drej,1
drek,2
drel,1
drem,11
dren,16
drep,1
dres,13
drew,1
drez,2
dreč,6
dreš,4
drh,11
drht,2
dri,1135
dric,1
drich,1
drid,18
drif,1
drift,3
drih,16
drij,38
drije,19
drijem,1
drijen,1
dril,2
drim,19
drin,25
drip,6
dris,1
drit,27
driv,10
drić,4
drič,52
driš,10
drje,1
drm,1
drn,72
dro,1567
drob,45
droc,1
drod,1
drof,2
drog,5
droj,12
drom,94
dron,10
dronj,12
drop,1
drops,1
drost,4
drot,1
drov,18
drozd,1
droš,3
drož,8
drt,5
dru,962
drug,5
drugs,1
druj,8
druk,15
drulj,1
drum,29
druč,40
društ,4
drv,10
drys,1
drš,32
dsor,1
dssel,4
dtma,1
dtmu,1
du,6718
dub,6
dud,1
dug,3
duh,8
duj,73
duk,466
dukt,21
dul,28
dult,2
dum,23
dun,99
dup,4
dupst,1
dur,102
dus,7
dust,1
dut,17
dutch,1
duv,1
duz,1
duzs,1
duć,7
duš,3
duž,1
dužd,1
dva,585
dvaj,1
dvalj,1
dvan,15
dvap,1
dvar,8
dvard,1
dvast,1
dvdu,1
dve,215
dved,17
dvej,7
dvek,10
dven,22
dvent,7
dver,29
dverb,2
dvest,2
dvev,2
dvez,2
dveć,1
dveš,1
dvi,496
dvid,64
dvig,1
dvih,2
dvij,7
dvil,1
dvilj,12
dvit,3
dviv,3
dvič,4
dvje,84
dvjed,5
dvjet,43
dvo,2174
dvod,57
dvoj,176
dvom,4
dvor,145
dvoz,2
dvož,1
dvu,74
dvul,4
dxce,1
dxceh,1
dxcr,1
dyna,1
dziv,1
dzpro,1
dža,184
džaj,2
džak,5
džan,51
džar,19
džast,1
džaš,1
dže,178
džem,16
džen,11
džent,3
džentl,21
džep,2
džer,59
džet,17
džez,1
dži,295
džij,32
džim,1
džin,10
džingl,1
džins,1
džip,1
džist,1
džić,6
džo,76
džom,17
džor,1
džu,34
džul,2
džum,9
džun,11
džur,3
džus,1
e,10173
eb,4
ec,8
ecb,1
ecd,1
ech,1
ects,1
ed,13
edf,1
edg,1
ef,7
efj,1
efjp,1
efm,1
efms,1
efsj,1
efthy,1
eg,382
egb,1
eggs,1
egp,1
eh,2
ehf,1
ej,2
ejb,1
ek,1743
ekg,1
ekljp,1
eks,1
el,132
eld,2
els,1
elt,1
em,226
emc,2
emcd,1
emcf,1
emf,1
emmy,1
ems,1
en,853
end,2
engl,1
enp,1
ens,1
ent,28
ep,32
eph,1
eps,2
eqs,1
er,189
erd,1
erdf,1
erk,2
erl,1
erm,1
ern,5
ernst,1
erp,1
ert,2
ertl,1
erts,1
es,25
esb,1
esc,1
escb,1
esdp,1
esf,1
esl,1
esp,1
ess,5
essb,1
est,2
esy,1
et,259
etc,1
etf,1
etl,1
ety,1
etzc,1
ev,26
evp,1
ew,2
ex,14
ey,3
eys,1
ez,4
f,49
fa,2164
fac,1
fact,1
fag,6
fah,3
faj,26
fak,227
faks,2
fakt,3
fal,239
falk,1
falz,1
fam,6
fan,329
fanj,3
fant,15
far,265
fard,12
fark,9
farkt,6
farm,8
fas,1
fast,1
fat,41
fax,2
fać,34
faš,3
fbi,1
fbroj,1
fcal,1
fco,1
fdi,1
fe,2425
fech,2
fed,3
feg,1
fej,16
fejs,1
fek,472
fekt,116
fel,28
feld,13
felj,30
felty,1
fem,17
fen,124
fer,318
fes,4
fest,13
festy,1
fet,15
feyn,1
fež,1
fgis,1
fi,6805
fic,2
fid,6
fif,1
fifg,1
fig,1
fih,1
fij,88
fik,74
fiks,2
fil,378
filc,1
film,36
fim,13
fin,116
fing,1
fink,1
fir,166
first,1
fis,10
fisc,1
fisch,1
fish,1
fisk,1
fist,7
fit,92
fix,1
fizz,1
fić,17
fič,100
fiš,1
fja,50
fjell,2
fjev,1
fjo,1
fjor,5
fjord,1
fkla,1
fla,379
flah,2
flaj,7
flam,2
flan,25
flant,1
flash,2
flat,2
flaš,2
fle,340
flek,113
fleks,2
fler,32
flert,1
flesch,1
flet,6
fleš,1
fli,73
flik,11
flikt,19
flin,1
flint,1
flip,2
fliš,1
flju,1
flo,195
floj,1
flok,1
floks,1
flom,3
flon,6
flop,1
flops,1
flor,3
flory,2
flot,15
flow,1
flu,305
fluk,37
fluks,2
flur,2
fo,2554
fob,29
fok,14
fol,67
folk,2
fom,82
fon,234
fond,3
font,1
fop,4
for,1462
ford,21
fordy,1
form,28
fors,1
fos,14
fosm,1
fot,1
fov,48
fow,1
fox,1
foxp,1
fr,174
fra,734
frac,1
frah,4
fraj,19
frak,165
fram,8
fran,256
franc,1
franck,1
frank,21
franz,1
frar,2
fras,1
frast,1
frat,7
frav,2
fraš,4
fre,305
fred,4
fren,6
frey,1
frf,27
fri,547
frig,1
frik,27
frit,3
friz,2
frk,16
frn,2
fro,128
froj,5
frok,1
from,3
fron,92
frost,1
frot,1
frs,1
fru,133
fruk,11
frut,2
frč,1
fsap,1
fta,8
ftal,1
fte,1
ftest,1
ftir,1
ftppo,2
ftsa,1
ftse,1
ftsu,1
fu,923
fuch,1
fuchs,1
fud,3
fuj,1
ful,39
fun,248
funk,191
funky,1
fur,126
furt,20
fus,2
fut,3
fuzzy,2
fuć,58
fval,1
g,47
ga,21662
gac,6
gad,56
gaf,3
gah,58
gaj,202
gajnk,1
gajt,1
gak,1
gal,318
galj,22
galm,1
galy,2
gam,73
gan,443
gand,13
gang,21
ganj,45
gant,192
gap,1
gar,588
gard,4
garh,1
garn,1
gart,11
gary,1
garš,7
gas,3
gast,10
gat,149
gatt,1
gav,120
gay,2
gaz,2
gač,26
gaš,33
gce,1
gci,1
gda,84
gdad,15
gdan,39
gdanjsk,1
gdansk,1
gde,3
gdi,4
gdings,1
gdje,30
gdo,32
gdom,2
gdot,8
gdu,1
ge,3888
ged,1
geg,1
gej,34
gek,7
gel,32
gels,1
gem,2
gems,1
gen,498
gency,1
gend,2
gens,10
gent,201
gep,5
ger,245
gerg,1
germ,3
germl,3
gers,1
ges,2
get,86
gett,3
gex,1
geč,1
geš,1
gfak,1
ghan,3
gi,6323
gib,42
gibb,3
gic,1
gid,4
gif,1
gig,1
gih,29
giht,1
gij,609
gik,4
gil,95
gilt,2
gim,35
gin,93
ging,1
ginj,1
gip,51
gips,1
gir,34
girl,3
gis,5
gist,3
git,8
giv,1
giz,1
gić,8
gič,316
gja,1
gjal,5
gje,1
gla,3588
glac,1
glad,38
glag,1
glah,2
glaj,26
glam,3
glan,42
gland,2
glans,1
glar,15
glas,17
glast,9
glat,3
glav,147
glaz,14
glaš,4
gle,1124
gleb,3
glec,1
gled,62
glej,1
glem,11
glen,9
glenn,1
gler,6
glet,3
glez,1
gleđ,2
gli,909
glib,1
glid,1
glif,7
glih,18
glij,6
glijez,1
glim,19
glin,22
glip,1
glis,1
glist,1
glit,4
gliv,2
glić,1
glič,18
gliš,4
glja,58
gljah,3
gljaj,3
gljam,1
gljan,3
gljar,1
gljast,2
gljat,1
gljač,1
gljaš,1
glje,178
gljem,4
gljen,22
gljez,1
glji,254
gljih,1
gljik,9
gljim,1
gljit,1
gljiv,9
gljič,16
gljiš,1
glju,13
gljuj,1
gljun,1
glo,857
glob,4
glod,8
glof,1
glog,9
gloj,16
glom,27
glon,5
glost,5
glot,9
gloš,3
glož,8
glu,799
gluh,3
glum,28
glun,1
glup,3
gluš,6
gma,359
gmad,1
gmaj,7
gman,2
gmast,1
gmat,74
gmaz,1
gme,55
gmej,7
gmen,144
gment,25
gmet,1
gmi,92
gmim,1
gmin,1
gmit,2
gmić,1
gmiš,1
gmo,22
gmoj,2
gmom,10
gmres,1
gmu,10
gmund,3
gmus,1
gna,360
gnah,6
gnaj,21
gnajs,1
gnal,24
gnam,6
gnan,23
gnant,11
gnar,1
gnat,21
gnav,9
gnaš,6
gne,601
gnem,79
gnen,1
gner,3
gnet,123
gneš,70
gni,612
gnih,7
gnije,3
gnim,9
gnin,4
gnit,1
gnja,98
gnjad,1
gnjat,1
gnje,372
gnjem,3
gnjen,1
gnjest,1
gnjev,1
gnječ,1
gnji,224
gnjij,2
gnjil,3
gnjit,1
gnjiš,2
gnjo,2
gnjom,2
gnju,119
gnjur,8
gnjus,1
gno,566
gnoc,2
gnog,5
gnoj,63
gnom,23
gnon,8
gnor,1
gnos,1
gnosn,1
gnost,4
gnov,14
gnoš,4
gnu,1306
gnuh,41
gnus,1
gnut,109
gnuv,85
go,11696
gob,38
goc,2
god,189
gof,1
gog,23
goh,63
goj,126
gol,126
gold,11
golf,10
golj,22
golt,1
gom,389
gon,219
gong,2
gonj,4
gop,1
gor,819
gord,1
gorš,1
gos,3
gosp,4
gost,7
got,140
gov,101
gow,4
goz,1
goč,1
goš,62
gpa,1
gpr,1
gpro,1
gprs,1
gpste,2
gr,1590
gra,5606
grab,1
grad,490
graf,717
graft,1
grah,9
graj,28
grajk,1
grak,31
gral,25
gram,277
gramz,6
gran,150
grand,2
granj,1
grant,82
grap,1
graph,1
grar,15
gras,3
grast,1
grat,12
grav,11
graz,1
grač,11
graš,16
grb,2
grc,28
grd,7
gre,1130
greb,33
gred,29
greg,1
grej,5
grejp,8
grem,1
gren,18
grep,5
grepst,1
gres,3
gret,2
grevy,2
grey,1
greš,2
gri,1404
gric,50
grid,4
grif,5
grij,22
grije,4
grijeh,1
gril,1
grim,2
grin,28
grip,1
gris,2
grist,5
griv,4
griz,4
grić,1
grič,1
griš,1
grje,86
grjev,1
grk,1
grl,10
grlj,1
grm,15
grn,25
gro,1143
grob,82
grof,2
grog,1
groh,8
grok,22
grom,64
grop,6
gros,1
grov,1
grozd,2
groš,1
grož,24
grožd,1
grt,9
gru,941
grub,2
grud,24
gruh,1
gruj,1
grum,3
grun,78
grunt,1
grup,1
grus,3
grut,14
gruz,1
gruš,2
gruž,1
grč,1
grš,1
gršt,1
gse,4
gsi,1
gsma,2
gsmu,1
gsta,1
gte,2
gto,3
gu,4078
gub,56
guc,25
gud,16
guj,42
gul,5
gulj,13
gum,19
gumb,1
gun,124
gund,11
gunj,6
gup,15
gur,322
gurt,1
gus,7
gust,3
gut,17
guz,1
guć,27
guš,36
gušč,13
guž,2
gva,54
gvaj,29
gval,24
gvan,6
gvar,10
gvaš,1
gve,3
gver,1
gverc,1
gvi,155
gvih,1
gvin,3
gvist,1
gvić,2
gvo,26
gvom,1
gvozd,1
gvož,7
gvu,1
gđa,1
gđe,1
gđi,2
gđom,1
gđu,1
h,103
ha,3206
habs,17
hac,4
had,6
hadž,2
haf,2
hag,1
hah,29
haj,230
hak,5
hal,139
halb,8
half,2
halj,19
hall,2
halt,1
ham,101
han,139
hand,2
hands,1
hanks,1
hans,3
haps,1
har,402
hard,5
hardy,3
harsh,1
harv,2
has,2
hat,53
hav,28
haw,1
hawks,2
hay,2
haydn,1
hać,9
hač,13
haš,14
hbo,1
hbom,1
hbor,1
hca,2
hcr,1
hdlu,1
hdssba,2
hdza,2
he,1811
hec,1
hecd,1
hed,2
hef,9
hej,33
hejd,1
hek,47
heks,1
hel,50
helj,9
hell,1
helm,4
help,1
hem,30
hemt,1
hen,104
hend,3
hep,1
her,323
herc,4
hert,6
hertz,2
hes,12
hess,2
het,12
hev,1
hew,3
heyn,3
heš,3
hgi,1
hhi,1
hho,1
hi,4666
hic,1
hid,26
hidž,10
hig,2
higg,1
higgs,1
high,1
hih,6
hij,97
hil,10
hill,1
him,57
hin,101
hind,1
hinj,21
hip,7
hipc,1
hir,4
hirf,1
hirsc,1
his,11
hist,7
hit,85
hitch,1
hiv,17
hić,1
hič,44
hjelm,1
hkdu,1
hla,805
hlad,43
hlap,1
hlač,11
hle,199
hlep,5
hler,1
hli,14
hlih,4
hlim,4
hlin,2
hlje,48
hljeb,2
hljep,9
hlji,3
hlo,12
hlog,2
hloj,4
hlom,4
hlor,4
hlost,2
hlov,5
hlu,4
hlun,1
hma,15
hman,6
hmark,1
hmat,2
hme,15
hmed,2
hmelj,1
hmi,3
hmo,2
hmond,1
hmov,1
hmud,1
hnba,1
hno,1
hnsa,1
ho,3783
hoc,1
hod,32
hodg,7
hof,6
hoff,4
hog,5
hoh,48
hoj,8
hok,2
hol,71
hold,1
holds,1
holj,2
holl,2
holly,5
holm,10
holt,2
hom,101
hon,116
hong,1
hony,1
hop,6
hor,139
hos,1
host,8
hot,154
hov,64
how,2
hoz,1
hoš,4
hpa,2
hpo,1
hpom,1
hpov,1
hpr,1
hr,878
hra,1065
hrad,1
hram,46
hran,11
hranj,4
hrast,4
hrat,5
hravt,5
hraš,5
hre,81
hren,11
hrep,1
hri,95
hrid,15
hrij,1
hrit,2
hrk,1
hrm,1
hrms,1
hrn,2
hro,104
hrom,1
hron,2
hrop,9
hrov,3
hrs,1
hrt,1
hru,66
hrušt,1
hrv,1
hrvt,5
hrw,1
hrč,2
hsa,1
hsdpa,1
hsla,1
hslsa,1
hssa,2
hsu,2
hta,275
htah,5
htaj,9
htam,2
htan,2
htar,6
htat,6
htav,7
htaš,3
hte,13
htel,1
hten,12
hter,2
htext,1
hti,98
htij,3
htije,2
htim,2
htiš,1
htje,109
htjeh,1
htjet,2
htjev,5
htješ,1
htmlo,1
hto,40
htom,4
hton,5
htov,1
htpkri,1
htu,46
htup,1
htva,1
htvu,1
hu,4570
hub,4
huc,12
hud,2
huff,3
hug,2
huj,32
huk,38
hul,61
hulj,2
hum,40
hun,104
hup,10
hur,7
hus,8
hut,2
hux,2
huy,2
huč,14
hva,1049
hval,129
hvan,1
hvar,37
hvat,279
hve,3
hvi,6
hvin,1
hvo,2
hvom,2
hvort,1
hvu,2
hyatt,1
hydra,1
hydro,1
hypo,1
hzmo,1
hzzo,1
i,27125
ib,14
ibc,1
ibm,1
ibsf,1
ic,2
icc,1
ich,3
ick,4
icl,1
ict,1
icty,1
id,78
idc,1
idn,1
ids,3
if,4
ifc,1
ift,2
ifts,1
ig,13
igh,4
ight,2
ign,1
ih,3
ihn,1
ij,3
ije,1
ik,49
iks,1
ikt,1
il,40
ilby,1
ils,1
ily,1
im,835
imc,3
imcd,1
imsl,1
in,6218
inc,1
ind,10
inf,1
ing,1
inns,1
insp,2
int,9
inz,1
inč,5
inž,1
ip,4
ipc,1
ipk,1
ippc,1
ips,1
ipsn,1
ipv,1
ipx,1
ir,83
irb,1
ird,1
irn,2
irs,1
is,520
isc,4
isd,1
isdn,1
isdx,1
isk,4
isklj,1
ism,2
isn,2
isp,1
isps,1
isq,1
iss,2
ist,22
isv,1
isync,1
it,46
itd,1
itd.,1
itm,1
itp,1
iv,23
ivy,1
ix,1
iz,994
izv,1
ić,9
ič,135
iš,20
j,25
ja,24481
jac,70
jack,1
jad,3
jaf,9
jag,5
jah,155
jaj,274
jak,92
jaks,1
jal,1411
jalj,13
jaln,1
jalt,14
jam,313
jamb,5
jamp,16
jams,1
jan,1307
janj,12
jans,1
janst,1
jant,62
jap,14
jar,497
jard,8
jarh,2
jarsk,1
jarč,13
jas,9
jast,7
jat,360
jav,78
jay,1
jaz,5
jazz,1
jać,1
jač,63
jaš,102
jde,1
je,32140
jeb,3
jec,22
ject,1
jed,91
jef,89
jeff,1
jeg,2638
jeh,33
jek,426
jekt,35
jel,249
jelj,4
jem,3827
jen,620
jenj,2
jens,2
jent,69
jep,19
jer,199
jerks,1
jes,6
jesh,1
jest,19
jet,273
jev,376
jeć,34
jećnj,1
ječ,140
ješ,695
jež,28
jha,1
jhanns,1
ji,13076
jid,24
jih,3916
jim,3957
jimmy,1
jin,293
jis,26
jist,1
jit,78
jiv,70
jiz,9
jić,15
jič,11
jiš,74
jme,1
jmtland,1
jna,1
jnkping,1
jnppa,1
jo,3818
job,26
jod,95
jog,3
joh,4
john,5
joj,2879
jol,3
jom,5230
jon,24
jong,1
jop,41
jor,147
jork,14
jos,1
josch,1
jost,2
jot,17
jov,2
joy,1
još,1
jpeg,1
jr,13
jrc,1
ju,18418
juc,45
jug,4
juj,6
juk,15
jul,16
jum,161
jumf,1
jun,137
jung,1
junk,73
jur,134
jurg,1
jus,5
just,1
jut,3
juć,36
juč,14
jšav,1
k,67
ka,22083
kac,5
kad,48
kaf,13
kah,141
kaj,423
kak,9
kal,734
kalj,8
kalk,2
kam,242
kamp,5
kan,951
kand,2
kanj,15
kans,5
kant,138
kap,19
kar,1417
karb,8
kard,4
karl,2
karn,1
karp,1
kas,9
kast,64
kat,418
katz,1
kav,492
kaz,14
kač,26
kaš,127
kašlj,6
kbca,1
kbr,1
kda,1
kdom,1
ke,4300
keb,1
kec,2
ked,1
keff,1
kegl,1
kej,25
keks,1
kel,32
kelj,18
kelly,1
keln,4
kelt,15
kem,7
ken,83
kend,4
kent,3
kep,2
ker,224
kers,4
kerv,1
kes,1
kess,1
ket,119
kev,1
key,4
kez,1
keč,1
keš,3
kfor,1
kha,1
ki,6200
kid,3
kig,2
kih,188
kij,30
kiks,1
kil,22
kilt,1
kim,186
kin,258
kind,1
king,12
kink,1
kip,3
kir,117
kirch,4
kis,3
kist,3
kit,68
kiv,1
kiz,2
kić,33
kič,15
kiš,2
kjack,1
kjar,1
kjeld,2
kju,27
kla,2081
klac,8
klad,1
klah,6
klaj,6
klak,1
klam,12
klan,27
kland,15
klanj,14
klap,15
klar,12
klas,3
klast,5
klat,12
klav,6
klaš,3
klaž,1
kle,1097
klec,4
kleh,2
klek,66
klem,26
klen,32
klep,14
kler,10
klet,39
klev,2
kleš,1
kli,2037
klid,31
klif,1
klih,22
klij,3
klije,8
klijet,1
klik,33
klil,2
klim,27
klin,80
kling,1
klinč,1
klip,5
klis,4
klist,2
klit,5
kliv,1
klić,4
klič,23
kliš,2
klja,197
kljah,4
kljaj,11
kljam,3
kljan,38
kljast,1
kljat,3
kljaš,3
klje,51
kljem,1
kljen,3
klji,50
kljim,1
kljiv,1
kljo,17
kljom,5
klju,620
kljuc,23
kljuj,1
kljun,20
ključ,101
klna,1
klnski,1
klnskom,1
klnu,1
klo,1494
klog,9
kloj,17
klom,37
klon,60
klop,49
klor,72
klorn,1
klost,4
klov,2
kloš,4
klu,181
klub,11
kluk,2
klul,1
klup,20
klus,7
klver,2
kma,10
kmac,1
kmak,1
kman,5
kme,88
kmen,9
kmer,1
kmet,17
kmez,1
kmi,55
kmo,1
kmu,8
kmur,1
kmus,1
kna,259
knad,12
knaj,1
knal,1
knar,3
knast,1
knat,1
knaš,1
kne,425
knem,94
kner,1
knez,1
kneš,90
kni,368
knih,11
knij,1
knik,1
knim,12
knin,16
knja,15
knjav,1
knje,6
knji,407
knjo,4
knjom,4
knju,4
knjuj,1
kno,53
knoc,1
knog,6
knoj,15
knom,19
knost,2
know,2
knowl,1
knoš,1
knpa,1
knu,1260
knud,2
knuh,57
knut,88
knuv,102
ko,21022
kob,74
koc,119
kod,10
kog,114
koh,87
kohl,2
koj,278
kok,28
koks,2
kol,223
kolj,6
kolsky,1
kolt,1
kom,4068
komn,1
komp,1
kon,4687
konc,4
kong,1
konj,23
konsn,2
kont,15
kop,67
kopt,6
kopč,13
kor,706
kord,6
korf,1
korn,1
kort,1
kos,16
kosl,14
kosn,1
kost,60
kot,46
kov,423
kow,2
koć,1
koč,57
koš,104
kož,1
kpa,1
kpda,1
kpu,1
kr,2542
kra,2345
krad,38
kraf,7
kraft,2
krah,2
kraj,151
krak,5
krakw,1
kral,21
kralj,8
kram,43
kramp,1
kran,16
kranj,36
krap,2
kras,2
krast,5
krat,345
krav,4
krać,22
krač,17
kraš,2
krc,29
kre,2123
kreb,1
kred,3
krek,1
krem,9
kremlj,1
kren,1
krep,42
kres,2
krest,1
kret,352
kreč,23
krf,15
krh,68
kri,3218
krif,17
krih,10
krij,36
krije,5
krijes,1
krik,1
kril,153
krim,14
krin,12
krip,8
kris,1
krish,2
krist,2
krit,17
kriv,38
kriš,2
križ,1
krk,2
krm,14
krn,10
krnj,8
kro,2198
krob,25
krof,2
kroft,1
krog,1
kroj,20
krom,14
kron,15
krop,3
kros,1
krot,1
krov,10
kroz,1
krp,1
krst,3
krt,1
kru,810
krug,10
kruh,1
krum,42
krun,18
krup,10
krut,49
kruš,4
kruž,5
krv,2
krč,10
krš,158
ksa,501
ksah,2
ksaj,4
ksak,1
ksal,41
ksam,10
ksan,67
ksas,1
ksat,5
ksav,1
ksač,1
ksaš,1
kse,168
ksej,1
ksel,5
ksem,27
kser,19
ksi,1707
ksid,29
ksih,1
ksij,21
ksik,1
ksil,42
ksim,19
ksin,26
ksir,3
ksist,3
ksit,15
ksič,93
kso,132
ksom,32
kson,28
ksor,11
ksov,5
ksta,1
ksu,230
ksus,3
ksuz,1
kte,1
kti,1
ku,9735
kub,17
kuc,59
kud,9
kuf,3
kuj,119
kuk,28
kul,564
kulc,1
kult,31
kum,63
kun,125
kunj,2
kunk,1
kunks,1
kunst,1
kup,72
kur,212
kurd,21
kurs,5
kursk,1
kurt,1
kus,24
kut,256
kutsk,1
kuć,29
kuč,8
kuš,7
kva,1121
kval,22
kvan,127
kvanj,15
kvann,1
kvant,31
kvar,186
kvarc,17
kvark,2
kvart,3
kvas,1
kvat,52
kve,156
kven,177
kvent,160
kver,2
kvi,557
kvih,10
kvij,2
kvik,1
kvim,10
kvin,21
kvint,1
kvir,28
kvist,1
kvit,1
kviz,1
kvić,1
kvo,157
kvoc,1
kvog,9
kvoj,10
kvom,19
kvon,6
kvor,2
kvot,19
kvr,42
kvrc,26
kvre,1
kvri,1
kvu,17
kyo,3
kyot,1
kća,5
kćah,1
kće,72
kćem,15
kćen,1
kćer,24
kćeš,13
kći,44
kćih,1
kćoj,1
kću,31
kćšćan,2
kšav,1
l,62
la,19764
lab,1
lac,267
lad,17
lady,1
laf,6
lag,2
lah,29
laj,129
lajb,7
lajt,2
lak,347
lal,7
lam,107
lamb,2
lamp,1
lan,1604
land,82
landp,1
lang,2
lanj,21
lans,10
lant,120
lanč,22
lanž,1
lap,16
laps,2
lar,1261
larm,3
larn,1
lary,1
las,8
last,33
lat,178
lav,40
law,5
laz,9
lać,1
lač,18
laš,39
laž,3
lcdi,1
ldap,1
le,14622
leb,54
lebmw,1
lec,51
lect,1
led,18
ledž,1
lef,1
lej,100
lek,1764
leks,1
lekt,18
lel,39
lem,56
len,526
lenc,1
lend,1
lenj,23
lenm,1
lent,221
lep,9
ler,137
lerc,1
lerm,4
les,28
lesky,1
lest,2
let,176
letn,1
lett,1
lev,34
levy,1
lewdp,1
lex,3
ley,8
lez,2
leć,1
leđ,17
leš,8
lež,9
lho,1
li,34473
lib,7
lic,52
licy,1
lid,54
lif,13
lift,3
lig,2
light,1
lih,289
lij,191
lije,59
lijek,1
lijen,3
lijep,2
lijer,1
lijes,1
lijev,2
liječ,6
liješ,2
lik,83
liks,1
likt,10
lil,27
lim,498
limb,1
limf,15
limp,10
lin,752
lind,2
lindh,1
ling,8
link,4
lins,1
linz,1
linč,1
linš,1
lip,24
lipnj,3
lips,3
lir,77
lis,23
lisk,2
list,88
lit,402
liv,149
liz,1
lić,77
lič,530
liš,166
lj,1
lja,4110
ljac,15
ljad,1
ljag,1
ljah,79
ljaj,144
ljak,60
ljal,8
ljam,48
ljan,207
ljant,26
ljar,100
ljast,23
ljat,50
ljav,67
ljač,10
ljaš,53
lje,5390
ljed,1
ljef,20
ljeg,12
ljeh,11
ljem,263
ljen,254
ljep,2
ljer,22
ljet,234
ljev,132
ljez,3
lječ,3
lješ,19
ljež,5
lji,6692
ljih,45
ljik,1
ljilj,6
ljim,54
ljin,65
ljist,1
ljit,32
ljiv,396
ljiz,1
ljić,6
ljiš,31
ljo,337
ljoj,25
ljom,117
ljon,15
ljstvo,1
lju,2627
ljub,91
ljud,142
ljuj,60
ljuk,1
ljulj,34
ljun,9
ljup,50
ljust,1
ljut,11
ljuš,6
ljušt,1
ljšte,1
lksem,1
lloy,3
lloyd,1
lma,1
lmin,1
lmre,1
lnde,1
lo,21231
lob,24
loc,2
lock,1
lof,1
loft,1
log,312
logn,5
logy,1
loh,1
loj,207
lojz,1
lok,4
lol,3
lom,958
lon,415
long,2
lonj,35
lonž,1
lop,10
lor,35
lord,3
los,9
loss,1
lost,91
lot,47
lov,318
lovn,1
low,2
loć,16
loč,37
loš,86
lr,1
lra,1
lsor,1
lta,1
lu,5530
lub,17
luc,44
lud,26
luf,35
lug,2
luj,57
luk,32
luks,2
lum,175
lun,37
lund,2
lung,1
lup,41
lur,34
lurd,15
lurg,1
lus,17
lussy,3
lut,80
luv,2
lux,1
luč,45
luž,2
lyma,2
lyme,1
lyndu,1
lyon,1
m,122
ma,59137
mac,59
mack,1
mad,23
maf,1
mag,12
mah,264
maj,558
majl,1
mak,57
maks,4
mal,652
malj,108
mall,1
malm,1
malt,2
malč,1
mam,56
man,1437
mand,16
manj,105
mank,1
mann,6
mans,1
mant,106
mapz,1
mar,1027
marc,1
mark,2
marks,1
mars,1
mart,1
marx,1
mary,1
marš,3
mas,23
mask,1
mast,22
mat,632
match,2
matt,3
mav,20
max,11
maz,7
mać,1
mač,46
mađ,1
maš,78
mba,1
mbar,1
mbyte,1
mca,1
mcbur,1
mccart,1
mcdo,1
mcla,1
mcne,1
mdi,1
me,19921
mec,4
med,16
megj,2
mej,33
mek,210
mel,22
melj,45
mem,32
memp,1
men,2312
menc,1
menj,1
mens,3
ment,194
mep,2
mer,512
mery,1
mes,6
mesn,1
mest,4
met,764
metnj,7
metz,1
mev,3
mex,1
mez,6
meč,6
međ,1
meš,3
mež,1
mfa,2
mfi,3
mgrip,1
mi,16969
mib,1
mic,1
mid,46
midp,1
midž,27
mig,1
mih,79
mij,335
mije,36
mijeh,1
mik,26
miks,1
mil,102
milj,1
milk,1
mill,1
mim,115
min,237
ming,9
minj,1
mink,1
minsk,1
mint,1
mipbg,1
mipj,2
mir,305
mis,5
miss,1
mist,15
mit,249
miv,74
mix,1
miz,1
mić,25
mič,511
miš,101
mišt,1
mja,18
mjan,3
mjar,1
mje,2682
mjed,15
mjeh,4
mjen,197
mjenj,2
mjer,614
mjes,4
mjet,254
mjev,5
mješ,1
mjr,1
mjrog,1
mju,14
mla,674
mlad,15
mlaj,1
mlak,2
mland,1
mlat,4
mlaz,2
mlač,21
mlađ,1
mle,59
mlek,1
mlet,5
mli,165
mlich,1
mlih,1
mlije,1
mliječ,4
mlin,29
mlja,304
mljac,15
mljah,18
mljaj,9
mljak,3
mljam,3
mljan,16
mljast,1
mljat,3
mljav,6
mljaš,4
mlje,1015
mljeh,2
mljem,16
mljen,84
mljet,16
mljev,2
mlješ,7
mlji,811
mljih,2
mljim,2
mljin,1
mljit,2
mljiv,41
mljiš,2
mljo,113
mljom,2
mlju,94
mljuj,14
mller,1
mlo,43
mlrd,1
mmfa,1
mmfov,1
mmfu,1
mmod,1
mmol,1
mmr,1
mmtpr,1
mna,237
mnae,60
mnaest,4
mnam,5
mnat,1
mnche,2
mnchen,3
mne,214
mnem,6
mneš,6
mni,1220
mnih,96
mnij,14
mnije,2
mnik,25
mnim,90
mnist,1
mnit,3
mnitz,1
mniv,1
mnič,4
mniš,3
mnja,101
mnjah,3
mnjaj,6
mnjak,2
mnjam,2
mnjat,2
mnjav,1
mnjaš,2
mnje,38
mnjeh,1
mnjen,3
mnjet,1
mnjev,1
mnji,251
mnjiv,9
mnjo,1
mnjom,2
mnju,11
mnjuj,4
mno,981
mnog,81
mnoj,91
mnom,92
mnost,41
mnoš,29
mnu,164
mnuh,6
mnut,7
mnuv,7
mo,22257
moby,1
mock,1
mod,21
mog,12
moh,2
moj,20
mok,1
moks,2
mol,63
mold,1
molj,19
moll,1
mom,408
momsp,1
mon,518
mond,2
mons,1
mont,28
month,1
mop,1
mops,1
mor,1022
morf,109
morh,1
morn,1
mort,1
mory,1
morž,1
mos,4
most,10
mot,184
motl,1
mov,66
moz,7
moć,320
moč,10
moš,22
mošt,9
mpa,1
mpeg,2
mpi,1
mpo,1
mpuls,1
mpšivg,1
mr,1469
mra,304
mrah,1
mraj,3
mrak,4
mram,1
mrat,1
mrav,14
mraz,1
mrač,113
mraš,1
mrc,1
mre,257
mrem,8
mreš,5
mrež,4
mri,98
mrije,10
mrijest,1
mrje,1
mrk,1
mro,20
mrot,1
mrov,1
mrp,1
mrs,2
mrss,1
mrt,44
mru,7
mrv,1
mrz,2
msfi,1
msgr,1
mssba,1
msti,2
mte,1
mtor,1
mu,14164
muc,71
mud,14
muf,7
muj,7
muk,11
mul,558
mulj,5
muln,1
mum,12
mumps,1
mums,1
mun,119
mung,3
munj,18
munk,1
mup,2
mur,115
murph,1
murphy,1
mus,13
must,2
mut,89
muć,78
muč,104
muž,16
mvpe,1
mxe,1
myift,1
mzo,1
mzos,1
mzoš,1
n,72
n.e,1
na,48464
nab,1
nac,281
nach,1
nad,1094
nadb,1
nadž,7
nae,307
naes,11
naest,16
naf,70
naft,16
nag,2
nah,65
naj,20256
najp,13
najv,9
nak,104
nakn,1
nal,1710
nald,3
nalj,11
nam,78
nan,336
nanc,1
nand,3
nans,1
nant,185
nap,19
nar,1237
nard,16
narh,1
nars,1
nart,14
nas,13
nast,61
nat,462
nav,85
nay,1
nać,1
nač,158
nađ,4
naš,39
naž,1
nba,1
nbi,1
nca,1
ncak,1
ncan,1
ndah,1
ndi,2
ndkr,1
ndo,1
ndr,1
ne,34413
neb,1
nec,12
neck,1
ned,1
nedy,4
nedž,7
nef,1
neh,1
nej,79
nek,81
neks,1
nel,50
nem,242
nen,193
nent,167
nep,13
ner,645
nerc,1
nern,4
nert,37
nerv,6
nes,26
ness,3
nest,1
net,291
netm,1
nev,34
new,24
news,1
next,1
ney,5
nez,5
neć,27
neš,191
než,1
ngli,5
nhi,1
ni,63628
nibl,1
nic,42
nick,1
nid,111
nidms,1
nig,1
nih,6233
nij,486
nije,17
nijem,5
nik,638
nikl,1
niks,4
nil,197
nim,6177
nimby,1
nin,358
ning,8
nip,1
nir,78
nis,19
nish,1
nisk,1
nist,62
nit,289
nitzky,1
niv,146
nix,3
niz,6
nić,82
nič,948
niš,165
ništ,1
niž,1
nj,2
nja,10610
njab,1
njac,22
njad,4
njah,92
njaj,101
njak,269
njam,35
njan,125
njar,105
njast,13
njat,49
njav,40
njać,2
njač,46
njaš,36
nje,10213
njec,3
njeg,64
njeh,8
njek,1
njelj,1
njem,4576
njen,224
njer,48
njet,18
njev,42
nješ,30
njež,1
nji,6374
njic,1
njih,171
njim,184
njin,44
njist,1
njit,15
njiv,61
njić,15
njiš,16
njo,542
njoj,87
njok,1
njol,31
njom,311
njon,16
njor,8
njost,5
njoš,3
nju,5527
njug,2
njuh,1
njuj,112
njuk,11
njur,10
njut,6
njutn,1
njuš,1
nka,2
nkak,2
nksta,1
nmcrl,1
nme,1
nmo,1
nmr,1
no,33471
nob,1
nod,7
nof,2
nog,4527
noj,6878
nok,23
nokl,2
nol,51
nold,3
nolf,3
nom,7312
non,116
nop,7
nops,1
nor,471
nord,1
nort,5
north,1
nos,26
nost,1963
not,30
nov,587
now,1
noć,99
noš,1026
nož,9
npi,1
npip,1
npkan,1
nppe,1
npr,1
npta,1
npu,2
npusk,1
nr,2
nrn,1
nry,3
nsa,1
nsar,1
nsba,1
nsi,1
nskan,1
nssol,2
nsup,2
nte,1
nti,2
ntip,1
ntlo,1
ntor,2
ntu,1
nu,12168
nud,18
nuh,152
nuj,28
nuk,3
nul,35
num,7
nun,64
nur,8
nus,28
nut,479
nuts,1
nuv,235
nux,3
nuz,3
nuš,7
nuž,15
nymex,1
nyqu,3
nza,1
o,56114
o.m,1
ob,780
oc,38
ocfs,1
od,3122
ods,1
odst,3
of,64
off,6
og,4
oh,4
ohm,1
oj,20
ok,147
ol,122
olb,1
old,1
ols,1
oltp,1
om,142
omv,1
on,583
onp,2
ons,2
ont,14
op,1200
opn,1
opp,1
ops,2
opv,1
or,1360
org,2
orm,1
ort,2
os,8
osk,1
osp,2
oss,1
ost,4
ot,936
oth,1
otv,1
ov,158
ovč,13
ow,1
ox,3
oz,23
oč,107
oš,2
ošt,1
ožd,3
p,159
p.n.e,1
pa,13622
pac,43
pack,2
pact,1
pad,209
paddy,1
pag,1
pah,93
paj,330
pajzl,1
pak,72
pakt,46
pal,180
palj,31
pall,4
palm,3
pam,232
pamt,15
pan,542
pang,1
panj,126
pank,1
pant,23
pap,14
paq,1
par,1063
pard,7
parh,1
park,3
pars,1
part,54
pas,9
pass,1
past,19
pat,251
patt,1
pav,142
paz,1
pać,1
pač,114
paš,124
paž,2
pbra,1
pca,1
pcba,1
pcbe,1
pcbi,1
pce,1
pcem,1
pci,2
pckli,1
pckom,1
pcmci,1
pdra,1
pdu,2
pdva,1
pdvu,1
pe,6008
pec,66
ped,31
peg,1
peh,6
pej,77
pek,31
peks,1
pel,30
pelj,3
pem,12
pen,422
penn,1
pep,1
per,1601
perc,2
perl,1
perm,16
pert,3
perth,1
pes,2
pest,2
pet,198
petn,1
pev,11
pey,3
pez,3
peć,13
peč,3
peš,23
pež,3
pfe,2
pfun,1
pha,2
phi,10
phil,2
phme,1
pho,6
phvri,2
pi,10566
pic,2
pid,7
pif,1
pig,1
pih,94
pij,177
pije,6
pijev,1
pik,19
pikt,1
pil,62
pilj,12
pim,136
pin,252
pind,1
ping,10
pinj,4
pinkl,1
pinč,1
pip,23
pir,171
pirb,1
pirw,1
pis,33
pist,9
pit,180
pitts,1
piv,127
piz,10
pić,21
pič,61
piš,95
pja,6
pjah,1
pjat,1
pje,976
pjeg,1
pjeh,6
pjej,3
pjem,1
pjer,1
pjet,12
pjev,14
pji,1
pju,134
pka,1
pla,2935
plac,1
plad,10
plah,2
plaj,1
plak,2
plam,79
plan,125
planc,9
planj,8
plank,36
plant,1
plants,1
plar,34
plas,1
plast,4
plat,145
plav,36
play,3
plač,59
plašt,1
ple,1287
pleh,2
plej,2
plek,56
pleks,9
plem,15
pler,15
ples,3
plest,6
plet,54
plev,3
pleć,18
pli,1515
plih,4
plije,6
plijen,1
plik,1
plim,4
plin,61
plink,2
plit,2
pliv,1
plić,1
pliš,2
plja,478
pljah,19
pljaj,18
pljam,6
pljan,39
pljar,7
pljas,1
pljast,2
pljat,6
pljav,2
pljač,5
pljaš,8
plje,1188
pljeg,5
pljel,1
pljem,14
pljen,101
pljes,1
plješ,15
plji,829
pljih,6
pljim,5
pljin,5
pljiv,29
pljič,14
pljo,67
pljoj,6
pljom,10
plju,434
pljuc,12
pljuj,33
pljus,1
plo,1018
plod,10
plog,3
ploj,11
plom,87
plomb,1
plot,19
plov,42
ploy,1
ploč,9
ploš,1
plsen,1
plu,216
plug,1
plum,3
plun,2
plung,1
plur,1
plus,2
pluć,17
pluč,1
plzenj,3
pme,1
pna,86
pnan,1
pnast,1
pne,272
pnel,3
pnem,24
pnen,9
pnet,1
pneš,23
pni,700
pnih,63
pnik,24
pnim,62
pnit,1
pniv,1
pniš,3
pno,409
pnog,51
pnoj,57
pnom,62
pnost,20
pnoš,11
pnr,1
pnu,241
pnuh,12
pnut,15
pnuv,18
po,36571
poc,2
pod,1692
podz,2
podž,1
pog,14
poh,3
poj,201
pojm,1
pok,2
pol,173
pold,1
polj,68
pom,276
pon,214
pond,1
pong,1
pons,1
pop,24
por,823
port,22
pos,84
posj,1
post,125
posts,1
pot,368
potk,6
pots,7
pov,150
poyn,1
poz,15
pozn,1
poč,23
poš,3
pošk,1
pošt,1
ppa,1
ppdiv,1
pr,1742
pr.n.e,1
pra,3350
prag,2
prah,4
praj,3
prak,143
prakn,1
pram,28
pran,40
prand,3
pras,3
prat,41
prav,223
prać,9
praš,3
praž,5
pre,16576
pred,931
preg,5
prel,2
prelj,1
prem,19
pren,13
prep,4
pres,4
press,3
prest,2
pret,221
prev,1
prez,2
prezl,1
preč,51
preš,4
prh,17
pri,12354
pric,1
prid,4
prih,1
prij,6
prije,64
prijed,2
prijek,1
prijet,1
pril,16
prim,60
prin,140
princ,1
print,3
prit,5
priv,3
prix,1
prič,5
pričvš,1
priš,1
prišt,1
prje,1
prji,1
prll,1
prm,1
prnj,1
pro,15071
prob,28
proc,4
prof,1
prok,4
prol,1
prom,7
prompt,17
prop,5
pros,1
prost,9
prot,106
proxy,1
proč,17
prst,4
prt,118
pru,349
prud,1
prug,3
prus,1
prut,1
prv,4
prč,1
psa,155
psah,2
psal,14
psan,2
psar,3
psast,1
psat,2
psav,1
pse,211
pseg,3
pser,31
psest,1
psi,650
psic,1
psid,1
psih,2
psil,1
psim,2
psin,10
psint,1
psis,1
psit,3
psiv,1
psić,1
psiš,2
pso,232
psod,1
psol,51
psom,11
pson,3
psop,1
psor,60
psorp,28
psov,8
pspa,1
pssni,1
psu,64
psuj,4
psur,52
psurd,1
psus,1
pta,395
ptah,4
ptaj,6
ptal,2
ptam,2
ptan,15
ptant,10
ptar,1
ptast,1
ptat,4
ptav,4
ptač,2
ptaš,3
pte,252
ptelj,2
ptem,15
pten,2
pter,17
ptet,1
pti,1080
ptid,8
ptih,3
ptij,1
ptik,8
ptil,46
ptim,1
ptin,2
ptir,26
ptist,2
ptiv,2
ptiz,1
ptić,1
ptič,160
ptiš,2
pto,306
ptok,1
ptol,15
ptom,25
pton,3
ptop,1
ptor,35
ptot,14
ptoč,14
ptu,212
ptuj,8
ptum,1
ptun,1
ptur,5
ptus,1
pu,5684
puc,80
pud,12
pudl,1
puh,54
puj,32
puk,2
pul,269
pulj,18
puls,2
pult,3
pum,152
pun,108
punk,66
punkt,3
punč,1
pup,13
pur,114
pus,10
pust,117
put,182
puz,4
puć,3
puč,3
puš,3
puž,2
pvac,1
pvcu,1
pvri,2
pyong,1
python,1
pča,476
pčac,1
pčah,8
pčaj,23
pčam,7
pčan,34
pčar,4
pčast,4
pčat,7
pčav,8
pčaš,7
pče,163
pčeg,1
pčem,1
pčen,4
pčev,2
pči,184
pčih,2
pčim,4
pčiv,1
pčić,12
pčiš,1
pčo,1
pčoj,1
pčom,2
pču,4
pša,142
pšah,5
pšaj,12
pšam,4
pšan,5
pšat,4
pšav,4
pšaš,4
pše,66
pšeg,2
pšem,4
pšen,2
pšeš,2
pši,52
pših,5
pšij,3
pšim,4
pšir,53
pšit,1
pšiv,1
pšoj,2
pšom,3
pšu,7
q,8
qa,4
qfak,1
qgro,1
qmo,1
qo,1
qos,1
qqvga,1
qr,1
qrs,1
qu,23
qun,1
qvga,1
qvri,1
r,121
ra,62551
rab,28
rac,166
rad,74
radnk,1
raf,32
rag,26
ragd,1
rah,1068
raj,2963
rajn,16
rak,335
raks,4
rakt,1
ral,949
rald,1
ralj,43
rally,2
ram,1075
ramb,1
ramp,8
rams,1
ran,2922
rand,3
rang,2
ranj,38
rans,2
rant,146
ranč,1
ranž,1
rap,48
rapm,1
rar,107
rarl,1
rarn,1
ras,216
rast,36
rat,1318
rav,941
ray,15
raz,677
rać,1
rač,93
raš,1040
rašč,1
raž,6
rbf,1
rdbms,1
rds,1
re,18302
reb,1
rec,10
recbcd,1
rect,2
red,174
redv,1
ref,8
reg,15
reh,2
rej,99
rek,270
rekt,100
rel,12
rell,1
rem,195
remy,1
ren,1030
rency,1
rend,36
reng,1
renj,2
rens,1
rent,288
renz,1
rep,12
rer,10
res,22
rest,1
ret,179
rett,1
rev,41
rey,3
rez,22
reč,1
reš,78
rešt,1
rež,3
rf,3
rg,1
rgb,1
rh,1
ri,23649
rib,6
ric,9
rich,4
rick,1
rics,23
rid,51
rif,53
rift,5
rih,179
rij,651
rije,30
rijek,2
rijen,2
riječ,4
rik,24
riks,1
ril,111
rill,1
rim,374
rimm,2
rin,568
rinc,2
rind,1
ring,14
rinj,3
rinks,2
rint,17
rip,15
rir,14
ris,54
risc,1
risk,2
rist,50
rit,331
rity,1
riv,217
riz,1
rić,76
rič,444
riđ,1
riš,255
rja,137
rjah,1
rjaj,3
rjak,5
rjam,1
rjan,28
rjast,1
rjat,1
rjaš,1
rje,850
rjeb,1
rjeg,1
rjeh,10
rjek,15
rjel,1
rjem,26
rjen,14
rjet,12
rjev,28
rječ,108
rji,28
rjih,4
rjim,3
rjo,3
rjoj,2
rjom,1
rju,54
rk,1
rm,1
rn,1
rnk,1
ro,11022
rob,190
roc,19
rock,4
rod,107
rof,14
rog,16
roh,1
roj,64
rojs,1
rok,33
rol,47
rom,1665
romb,1
romp,2
ron,219
rong,1
ronj,1
rop,264
ror,7
ros,10
rost,5
rot,83
rov,278
rovsk,1
row,4
roz,4
roč,158
roš,19
rož,1
rpg,1
rr,9
rry,8
rs,2
rss,1
rt,1
rtf,1
rtg,2
rtgs,1
rtl,1
rtv,1
rtynski,1
rtynskog,1
rtzsprun,1
ru,5878
rub,48
rud,5
rudž,60
ruf,1
rug,2
ruh,1
ruj,130
ruk,8
rul,3
rum,100
run,77
rund,6
rung,1
rup,63
rur,72
rurg,3
rus,33
rush,1
rut,63
ruz,1
ruć,1
ruč,219
ruž,11
rx,1
ryd,3
s,172
sa,11836
sab,1
sac,27
sach,1
sad,64
saf,1
sag,1
sah,141
saj,171
sajd,1
sak,83
sal,113
salj,19
salt,1
sam,141
sambl,1
samt,1
san,588
sand,1
sands,1
sandy,1
sanj,85
sank,47
sankt,3
sans,1
sant,71
sap,2
sar,343
sard,1
sarn,2
sars,1
sas,4
sast,6
sat,235
sav,172
say,1
saz,1
sać,1
sač,25
saš,27
saž,2
sba,1
sbi,2
sbrinz,1
sca,61
scal,1
scan,1
scar,5
sce,250
scek,1
scem,25
scen,225
scend,1
scent,53
scer,38
scerpt,1
sces,5
sche,7
sched,1
schell,2
schen,15
scher,1
schif,4
schil,3
schild,1
schir,1
schlad,4
schlem,1
schles,1
schlum,1
schmid,5
schmidt,1
schottky,2
schr,5
schro,1
schssel,1
schu,3
schwan,2
schwar,2
schwarz,1
schwarzs,2
sci,868
scih,4
scije,5
scikl,1
scilj,18
scim,2
scin,20
scir,2
scis,1
scit,3
sco,12
scoj,2
scom,1
scot,4
scott,1
scr,1
scre,1
script,1
scsi,1
scu,55
scully,3
sda,3
sdah,1
sde,1
sder,1
sdi,1
sdpa,2
sdpe,1
sdr,1
sdra,1
sdssa,1
sdu,3
sdurs,1
sdva,3
se,6386
seb,83
sec,4
sed,179
sef,1
seg,1
sej,32
sek,172
seks,2
sekt,1
sel,110
self,1
selj,1
sels,1
sem,90
semc,1
sen,532
senc,3
send,1
senf,1
seng,1
senj,18
sens,1
sent,2
sep,3
seph,3
ser,371
serb,3
sert,16
serž,1
ses,2
set,268
sett,3
setts,1
setč,2
sev,8
sex,1
sey,1
seč,191
seš,26
sfa,49
sfac,1
sfak,5
sfal,59
sfalt,20
sfan,1
sfat,33
sfe,220
sfel,6
sfeld,4
sfelt,1
sfen,1
sfer,102
sfi,25
sfil,1
sfin,12
sfink,3
sfit,2
sfič,1
sfo,88
sfon,1
sfor,151
sford,15
sfr,20
sfre,4
sfron,1
sfu,28
sfunk,7
sgli,1
sgnje,2
sha,45
shal,1
shan,2
shang,2
shar,10
she,81
shell,1
sher,2
shev,2
shi,227
shift,1
shil,1
shim,1
shin,2
shing,7
shism,1
shit,1
sho,175
shock,1
shod,34
shom,1
shon,1
shop,4
short,2
shottky,1
shov,2
show,1
shr,27
shu,56
shva,78
shvat,63
si,11486
sibž,1
sic,2
sicg,1
sid,20
sig,1
sign,1
sih,67
sij,190
sije,20
sijed,2
sijek,2
sijer,1
sijev,1
sik,32
sil,230
silj,24
sils,1
sim,488
sin,723
sinc,1
sing,7
singh,1
singl,1
sinj,32
sink,1
sint,2
sip,61
sir,51
sis,10
sist,7
sit,375
sitc,1
sity,1
siv,119
six,1
siz,1
sić,15
sič,103
siš,85
sja,239
sjah,3
sjaj,58
sjak,5
sjam,3
sjan,1
sjat,3
sjav,3
sjaš,3
sje,2842
sjec,126
sjed,63
sjeg,1
sjek,8
sjem,7
sjen,82
sjest,8
sjet,291
sjev,8
sjex,1
sječ,84
sjfu,1
sjgre,1
sji,9
sjih,2
sjim,1
sjohn,1
sjoj,1
sjom,2
sju,42
sjunk,25
sjunkt,5
ska,6109
skac,1
skaf,1
skah,25
skaj,75
skal,76
skalj,1
skalp,1
skam,31
skan,139
skant,36
skap,1
skar,43
skas,1
skast,2
skat,27
skav,40
skaz,1
skač,3
skaš,25
ske,3487
skeg,1
skej,10
skejt,1
skell,1
sken,8
sker,15
sket,29
skeč,1
ski,10344
skid,5
skih,3458
skij,12
skil,1
skim,3512
skin,7
skir,5
skit,35
skla,491
sklad,19
sklat,1
sklać,1
skle,144
sklek,1
skli,224
sklik,1
skliz,1
sklič,11
sklju,130
sključ,18
sklo,298
sklon,2
sklop,16
sklu,80
sko,10989
skob,23
skog,3925
skoh,11
skoj,3184
skok,8
skol,13
skom,4194
skon,168
skont,34
skop,213
skor,93
skort,15
skost,15
skot,11
skov,23
skoč,48
skoš,9
skr,778
skra,234
skrah,1
skraj,24
skralj,1
skrb,62
skre,345
skrej,2
skrem,1
skren,2
skret,105
skri,655
skrih,2
skrij,5
skrije,1
skrim,2
skrin,34
skrip,39
skript,10
skrit,6
skriv,2
skrič,1
skriš,2
skriž,5
skro,194
skrok,1
skrom,1
skroz,3
skrs,1
skrt,3
skru,159
skrut,6
skrš,5
sku,4261
skuj,24
skul,92
skum,1
skun,1
skup,60
skur,84
skurs,2
skurz,1
skus,5
skut,14
skuć,26
skva,132
skvam,7
skvar,2
skve,2
skvi,56
skvik,1
skvil,1
skvit,1
skvo,3
skvom,1
skvr,107
skvu,2
sla,2483
slab,2
slac,3
slad,2
slag,1
slah,7
slaj,19
slajd,1
slak,1
slam,44
slan,59
sland,16
slang,1
slap,1
slast,1
slat,9
slav,88
slač,9
slaš,5
slden,3
sle,599
slejt,1
slen,19
sleng,1
sles,1
slet,20
sleđ,1
sli,1626
slih,31
slij,4
slije,26
slijed,3
slijep,2
slijev,1
slik,1
slim,36
slin,21
slip,1
slit,15
sliv,24
slić,2
slič,44
sliš,15
slje,518
sljed,65
sljev,1
sljez,1
slju,22
sljub,7
slo,1965
slog,11
sloj,106
slom,28
slon,27
slonj,1
slost,8
slot,3
slov,72
sloš,5
slstan,1
slu,1543
sluh,15
sluj,6
sluk,1
slunj,15
slup,1
slut,40
sluz,1
služ,5
sma,341
smak,2
sman,60
smarc,2
smart,2
smat,1
smač,1
sme,456
smej,7
smek,62
smel,1
smem,2
smen,7
sment,1
smer,4
smest,1
smet,17
smeć,15
smeč,2
smeđ,10
smi,1070
smih,1
smij,9
smije,10
smijeh,3
smik,2
smilj,1
smim,1
smin,10
smir,4
smit,1
smith,1
smič,39
smje,532
smjeh,27
smjen,20
smjer,128
smjet,1
smješ,1
smla,35
smlje,2
smo,6598
smog,2
smoj,1
smok,1
smol,4
smom,4
smor,8
smot,15
smoč,7
smpo,1
smpto,1
smr,335
smra,53
smrad,1
smrd,39
smre,22
smreč,2
smrt,100
smsa,1
smu,137
smuk,1
smul,2
smun,1
smus,1
smut,18
smuđ,1
sna,850
snab,43
snac,1
snad,2
snae,44
snaest,3
snaf,3
snaj,25
snan,1
snar,1
snast,2
snat,6
snaš,1
sne,533
snel,4
snem,36
snen,2
sness,1
snet,2
sneš,34
sngman,1
sni,3944
snid,15
snih,286
snije,5
snijeg,1
snijet,1
snik,86
snim,305
snin,1
snit,10
sniv,10
snić,1
snič,9
sniš,13
snja,10
snjak,4
snje,80
snjeh,1
snjet,2
snjev,1
snješ,2
snmu,1
sno,1854
snob,1
snog,238
snoj,270
snom,271
snop,1
snost,90
snov,6
snow,3
snoć,1
snoš,49
snskan,1
snu,981
snuh,32
snuj,7
snut,48
snuv,45
snyde,1
snša,1
snšan,1
so,4140
sob,179
sof,39
soft,5
sog,9
soh,21
sohn,1
soj,15
sok,6
sol,158
som,423
son,149
song,1
sons,1
sony,6
sop,5
sor,401
sorb,3
sorg,3
sorp,44
sort,15
sos,3
sost,1
sot,15
sov,195
sox,1
soč,46
soš,2
spa,1715
spad,8
spah,1
spalj,1
spam,2
span,140
spar,118
sparc,1
spas,1
spast,3
spat,5
spav,4
spaš,2
spe,887
spec,2
speh,2
spek,438
spekt,5
spelt,1
spem,10
spen,68
sper,161
sperm,1
spert,15
spet,40
spev,2
speš,10
spi,1643
spih,1
spij,29
spije,4
spik,2
spilj,7
spim,1
spin,13
spinj,2
spir,6
spis,4
spit,19
spiv,2
spić,15
spiš,2
spje,400
spjeh,4
spjet,3
spjev,8
spji,1
spju,1
spka,1
spla,405
splah,13
splaj,1
splajn,1
splam,62
splan,52
splanh,1
splat,33
splav,1
splač,4
sple,208
splej,2
splen,1
splest,2
splet,3
spli,215
splin,1
split,19
spljet,3
spljo,49
splju,35
spljuc,1
spljuj,1
spljuv,7
splo,350
splod,1
splti,5
splus,1
spo,3539
spod,69
spoj,89
spok,1
spol,84
spom,1
spon,166
spont,14
spop,1
spor,221
sporq,1
sport,71
spot,16
spr,333
spra,696
sprah,2
spram,2
spran,2
sprat,3
sprav,11
sprd,10
spre,1026
spred,22
spreg,1
sprej,1
sprek,1
spren,1
spres,2
spret,93
sprh,1
spri,245
sprije,7
sprim,3
sprin,51
sprint,1
sprič,6
sprje,24
spro,530
sprom,1
sprot,3
sprt,6
spru,73
sprud,1
spu,874
spuh,3
spul,1
spum,38
spun,1
spust,3
sput,45
sqla,1
sqlu,1
sr,815
sra,499
srah,2
sram,1
sran,1
srast,1
srat,1
sraz,31
sraš,5
srb,17
src,2
srd,1
srdž,7
sre,838
sred,269
srek,1
srem,5
srest,4
sret,238
sretlj,2
sretljv,1
srev,3
srez,1
sreć,14
srh,1
sri,63
srije,3
srijem,4
srn,10
sro,160
srod,8
srok,1
sroč,1
srp,117
srt,35
sru,59
srup,1
srč,1
srđ,1
srž,2
sspa,1
ssr,1
sssr,1
ssta,1
sta,9257
stac,8
stad,2
stadt,1
staf,1
stag,8
stah,20
staj,155
stak,10
stal,333
stam,77
stan,712
stand,3
stang,1
stanj,12
stant,66
stanz,1
stap,9
star,309
stard,1
start,16
stas,2
stast,4
stasy,2
stat,197
stav,170
stač,4
staš,31
staž,1
ste,9401
sted,1
stej,15
stek,14
stel,32
stelj,6
stem,44
stems,1
sten,148
stenj,1
stent,76
step,23
ster,250
stern,4
stet,17
stez,44
steć,1
steš,13
sti,16209
stic,3
stick,2
stid,45
stif,1
stih,351
stij,29
stije,4
stijeg,1
stijen,1
stijenj,1
stik,12
stil,49
stilj,14
still,1
stim,397
stin,129
sting,1
stinj,35
stink,68
stinkt,2
stir,58
stis,1
stit,77
stiv,103
stić,10
stič,809
stiš,80
stiž,1
stjan,8
stje,388
stjen,1
stjep,7
stju,20
stla,30
stle,4
stli,1
stlim,1
stlin,1
stmi,1
sto,5180
stock,11
stog,259
stoh,12
stoj,628
stok,11
stol,115
stolj,1
stom,599
ston,78
stop,5
stor,192
stos,2
stost,9
stot,57
stov,66
stoč,228
stoš,13
stož,1
str,748
stra,2566
strad,3
strag,1
strah,2
straj,78
strak,30
strakt,47
stral,83
stram,2
stran,134
stranj,7
strant,3
stras,4
strast,1
strat,25
straš,3
stre,740
streb,1
strek,3
strel,2
strem,9
stren,9
strens,1
strep,21
stres,3
strest,2
streš,9
strh,3
stri,1288
stric,3
stricht,3
strih,4
strij,75
strije,16
strijel,1
strijet,1
strik,80
strikt,38
stril,2
strim,12
strin,37
strip,2
strit,2
striv,2
strić,1
strič,14
striš,4
striž,1
strje,12
strm,10
strn,8
stro,1207
strof,3
strog,4
stroh,1
stroj,88
strom,20
stron,16
strong,1
strop,1
stros,2
strost,2
strot,1
strov,5
stroš,2
strp,2
strt,10
stru,1163
strug,1
struj,38
strujn,1
struk,548
strukt,1
strum,6
strupk,1
strus,1
struč,102
strv,10
strž,1
stu,2443
stub,2
stuh,1
stuj,9
stuk,4
stum,2
stun,9
stup,104
stur,57
stus,1
stut,6
stutt,8
stuć,1
stuč,31
stva,654
stvan,1
stvar,99
stve,680
stven,39
stvi,364
stvih,2
stvič,14
stvo,786
stvoj,1
stvom,338
stvor,8
stvr,66
stvrd,10
stvu,382
stvuj,12
su,7224
sub,206
sud,194
suh,12
suj,39
suk,36
sul,203
sulj,10
sum,75
sump,1
sun,169
sung,1
sunj,7
sunč,1
sup,152
supsn,1
sur,112
surs,2
sus,5
sust,1
sut,138
suv,15
suz,1
suć,40
suš,4
sva,616
svad,66
svaj,1
svak,12
sval,2
svar,2
svast,1
svat,3
svać,1
sve,1187
sveg,1
svel,1
svem,1
sver,29
svest,1
svet,94
svešč,14
svi,955
svib,6
svih,2
svij,2
svije,18
svijest,5
svijet,3
svijeć,1
svil,3
svim,2
sving,3
svinj,22
svir,11
svis,1
svit,6
svjat,2
svje,887
svjed,1
svjest,3
svjet,191
svjeć,2
svješ,22
svjež,1
svla,133
svlak,1
svo,485
svod,1
svog,1
svoj,73
svom,2
svor,7
svr,440
svra,76
svrab,1
svrač,11
svrh,1
svrt,1
svu,90
svud,3
swa,4
swal,1
swap,1
swif,4
swift,2
swot,1
sydne,2
sydney,4
sylve,1
syman,1
symbi,1
symbol,1
symme,1
syncsta,1
synop,1
syra,1
t,91
ta,18359
tab,2
tabl,2
tac,25
tad,5
tadž,11
taf,26
taft,1
tah,157
taj,572
tak,328
takl,1
taks,1
takt,85
tal,1123
talj,92
talk,1
tally,1
tam,222
tan,1599
tanj,18
tank,1
tans,1
tant,251
tap,29
tar,1741
tard,2
tark,17
tary,2
tas,6
tast,18
tat,254
tav,152
tay,5
tač,140
tađ,2
taš,137
tašt,1
tbr,1
tcas,1
tci,1
tcko,1
tco,1
tcpip,1
tdma,1
tdr,1
te,25209
tec,6
tech,5
ted,3
teg,8
teh,396
tehn,1
tej,43
tejp,1
tek,441
teks,9
tekst,40
tekt,1
tel,87
telj,1110
tem,303
temp,1
ten,895
tenk,1
tent,187
tep,3
tepst,2
ter,2501
terb,1
terc,5
term,1
terms,1
ters,7
tersc,1
tert,1
tes,55
test,26
tet,585
tethy,1
tethys,1
tev,5
tex,2
text,1
tez,3
teč,44
teš,23
tešk,1
tež,7
tha,1
that,1
the,4
thi,2
tho,7
thom,4
thorn,1
thrin,1
ti,44730
tic,6
tics,3
tid,2
tif,1
tiff,1
tig,1
tih,594
tihl,1
tij,137
tije,14
tijek,1
tik,71
tikl,4
til,315
tilf,3
tilj,41
tils,1
tim,745
tin,703
ting,16
tinj,94
tink,7
tint,14
tip,207
tipl,2
tir,82
tis,123
tish,1
tist,31
tit,196
titl,1
tiv,314
tić,61
tič,2220
tiš,181
tja,7
tje,1816
tjeh,23
tjem,1
tjer,8
tjet,30
tjev,30
tju,4
tka,956
tkad,2
tkah,10
tkaj,32
tkal,7
tkam,15
tkan,21
tkar,44
tkast,7
tkat,12
tkav,7
tkaz,1
tkač,1
tkaš,12
tke,154
tken,1
tkern,1
tki,533
tkih,16
tkim,16
tkin,2
tkist,1
tkiv,7
tkiš,2
tko,888
tkog,17
tkoj,16
tkom,152
tkon,24
tkop,2
tkor,4
tkos,1
tkost,12
tkov,28
tkoš,12
tkož,1
tkrug,1
tku,449
tkud,2
tkuj,11
tkul,2
tkup,3
tkut,6
tkuć,1
tla,332
tlac,2
tlah,5
tlaj,16
tlak,6
tlam,14
tlan,47
tland,10
tlant,67
tlap,3
tlar,47
tlas,2
tlat,6
tlav,4
tlač,58
tlaš,8
tle,163
tlek,1
tlen,1
tler,4
tles,1
tlet,33
tlev,4
tli,202
tlih,6
tlim,7
tlit,6
tliv,6
tlić,5
tliđ,1
tliš,5
tlo,312
tlog,3
tloj,1
tlom,11
tlon,2
tlost,3
tlov,8
tloš,1
tlu,121
tluj,3
tluk,2
tma,83
tman,20
tmann,1
tmar,2
tmark,1
tmast,1
tme,72
tmem,1
tmen,3
tment,3
tmeš,2
tmi,175
tmič,37
tmo,62
tmom,5
tmor,4
tmos,1
tmost,1
tmre,1
tmu,95
tmun,2
tmund,9
tmur,39
tmus,1
to,14963
tob,8
tod,19
todd,1
tof,2
tog,319
toh,27
toj,468
tok,13
tokyj,1
tol,26
tolj,3
tom,1712
tommy,1
ton,517
tong,4
tony,3
top,19
topl,1
toplnk,1
tops,1
tor,1915
tort,1
tory,3
tos,11
tosh,1
tost,168
tot,21
tov,232
town,1
toč,231
toš,103
tpa,216
tpac,1
tpad,6
tpal,1
tpar,6
tpas,1
tpast,1
tpat,2
tpav,1
tpe,47
tper,1
tpet,3
tpi,280
tpis,4
tpo,373
tpor,146
tport,2
tpos,1
tpoč,9
tpre,1
tpu,326
tpuh,29
tpult,1
tpun,2
tpust,1
tput,1
tr,2219
tra,3381
trac,1
trag,6
trah,7
traj,167
trak,150
traks,1
trakt,1
tral,159
tralj,1
tram,62
tran,994
tranj,1
trans,81
trant,19
trap,2
trar,42
trarh,1
tras,1
trasst,1
trast,16
trat,26
trav,8
traz,1
trač,100
traš,11
tre,2069
treb,96
trec,4
trecht,3
tref,1
treh,1
trej,15
treks,1
trem,6
tren,58
trend,4
trep,23
tres,4
trest,7
tret,2
trez,1
treš,4
trg,1
trh,4
tri,3526
tric,1
trick,2
trid,6
trif,1
trih,10
trij,320
trije,12
trijeb,1
trijem,1
triješ,1
trik,7
triks,1
tril,10
trilj,9
trim,19
trin,69
trinj,18
trips,1
trir,3
tris,2
trist,2
trit,12
tritsch,1
triv,10
trić,3
trič,347
triš,10
trje,1
trk,2
trlj,8
trn,10
tro,3840
trob,1
troc,6
trof,15
trog,1
troj,35
trok,1
trol,36
trom,159
tromb,1
tron,127
trop,50
trops,1
tros,2
trost,1
trot,1
trov,29
trovsk,1
troš,5
trp,16
trs,1
trst,1
trt,12
tru,697
trub,1
truc,30
trud,18
truj,8
trul,1
trum,5
trun,8
trup,9
trur,14
trus,1
trust,3
trut,1
truš,5
trv,10
try,2
trč,1
trš,24
tse,3
tspo,1
tspoj,1
tsta,1
tsu,1
tu,7774
tuc,32
tud,2
tuf,2
tug,1
tuj,66
tuk,6
tulj,49
tum,46
tun,24
tung,5
tunj,1
tup,2
tur,861
turg,1
turk,2
turks,1
turn,3
tus,22
tusc,1
tust,1
tut,103
tuč,11
tuđ,21
tuš,1
tušt,1
tva,265
tvac,1
tval,2
tvan,41
tvar,19
tvač,7
tve,417
tvel,1
tven,6
tver,23
tvi,134
tvid,1
tvih,4
tvij,15
tvim,7
tvin,1
tvit,3
tviv,2
tvič,1
tviš,3
tvka,1
tvme,1
tvo,755
tvog,2
tvoj,3
tvom,19
tvor,516
tvost,1
tvr,577
tvrd,18
tvri,1
tvrt,25
tvtka,2
tvtke,1
tvu,39
tvuj,3
twiggy,1
twin,3
tyndal,1
tzanc,1
u,33985
ub,3
uc,5
uch,1
uchy,6
ud,23
udž,16
uf,2
ug,2
ugh,1
uglj,1
uh,2
uhf,1
uhs,1
uht,1
uj,15
uk,34
ukv,1
ul,259
uld,1
uldb,1
ulj,18
ult,3
um,77
uml,1
umm,1
umts,1
un,71
unc,2
und,1
undp,1
ung,1
unh,1
unj,18
unm,1
unp,1
up,4
upc,1
ups,1
ur,333
urg,3
url,1
ursh,1
us,48
usb,2
usch,1
usd,1
usgs,1
usp,1
uss,1
ust,4
usv,1
ut,97
utm,1
uts,1
utsky,2
utv,3
utz,2
uv,7
ux,1
uz,130
uč,160
uš,10
v,67
va,38114
vab,9
vac,344
vad,16
vafl,2
vag,1
vah,936
vaj,1266
vajn,1
vajt,12
vak,71
vakc,1
val,280
valj,101
vam,447
vamp,1
van,2081
vand,1
vanj,121
vans,3
vant,72
vanš,1
vap,12
var,474
vard,8
vas,6
vast,11
vat,1212
vav,87
vax,1
vaxc,1
vaz,1
vač,277
vaš,415
vbr,1
vdom,1
vdri,1
ve,8858
vec,9
ved,41
veg,1
vej,1
vek,98
vel,36
velj,4
vem,38
ven,958
vend,2
venn,1
vent,99
ver,1324
verd,2
vergl,1
vers,2
vert,71
verz,1
ves,3
vest,19
vesz,2
vet,192
vev,9
vey,1
vez,11
već,4
več,1
veš,11
vež,4
vfr,1
vga,1
vi,27848
vic,4
vich,1
vichy,1
vics,1
vicz,1
vid,146
vih,1320
vij,126
vije,31
vijed,4
vijek,4
vijen,1
vijest,10
vijet,4
vijeć,3
vik,79
viks,2
vikt,1
vil,197
vilj,10
vill,4
vim,1370
vin,575
vinck,1
vind,1
ving,2
vinj,30
vinč,1
vip,2
vir,129
vis,19
vist,12
vit,385
viv,160
vić,319
vič,297
viš,170
vja,5
vjah,1
vjan,9
vje,3349
vjed,1
vjeg,1
vjeh,7
vjek,14
vjem,1
vjen,114
vjer,481
vjes,3
vjest,2
vjet,233
vjev,9
vječ,200
vješ,95
vješt,2
vji,3
vjih,2
vjim,1
vjoj,1
vjom,2
vju,44
vla,1817
vlad,18
vlah,1
vlak,1
vlar,7
vlas,2
vlast,3
vlat,1
vlač,94
vlaš,32
vle,12
vlek,1
vlet,1
vlets,1
vli,29
vlij,8
vlim,1
vlin,17
vlić,4
vlja,1863
vljah,60
vljaj,118
vljak,6
vljam,36
vljan,114
vljanj,1
vljat,36
vljav,3
vljač,41
vljaš,36
vlje,1979
vljeg,11
vljem,46
vljen,164
vljenk,1
vljev,12
vlješ,10
vlji,801
vljih,14
vljim,15
vljiv,35
vljo,1
vljoj,15
vljom,14
vljost,1
vlju,197
vljuj,44
vlo,12
vloj,1
vlom,5
vlov,5
vlu,12
vluk,2
vmo,1
vna,990
vnah,5
vnaj,16
vnam,5
vnan,5
vnar,2
vnat,9
vnav,8
vnač,1
vnaš,6
vne,550
vnem,1
vneš,2
vni,4541
vnih,520
vnij,12
vnik,68
vnim,518
vnin,18
vnit,2
vniv,2
vnič,15
vniš,2
vnja,139
vnjak,14
vnjaš,1
vnje,37
vnjem,3
vnjen,2
vnji,43
vnjo,3
vnjoj,1
vnjom,3
vnju,18
vnjuj,4
vno,2740
vnog,450
vnoj,509
vnom,498
vnost,230
vnov,1
vnoš,120
vnu,580
vnuh,2
vnuj,8
vnut,2
vnuv,3
vo,11170
voc,1
vod,369
vog,870
voj,1670
vol,290
volj,567
volt,10
vom,1440
von,51
vonj,2
vor,478
vos,2
vost,627
vot,172
vov,37
voz,11
voć,32
voč,1
voš,271
vožd,1
vpip,1
vr,2935
vra,837
vradž,7
vrag,1
vrah,1
vrally,1
vran,51
vranj,4
vrap,4
vrapč,8
vrat,288
vraz,1
vrač,3
vraž,14
vrb,9
vrc,23
vre,1059
vred,37
vreh,1
vrej,20
vrek,1
vrel,1
vrep,1
vresk,1
vret,2
vrev,6
vrh,18
vri,587
vrij,1
vrije,34
vrijed,1
vrijes,1
vrim,3
vrin,20
vrić,1
vriš,3
vrišt,1
vrje,24
vro,28
vrom,1
vron,6
vrop,54
vrp,14
vrst,3
vrt,116
vru,56
vruć,1
vrv,4
vrč,1
vrš,2
vse,1
vspi,1
vspme,1
vspmje,1
vsppo,1
vsppro,1
vspsni,1
vster,2
vstman,1
vto,1
vu,2389
vuc,14
vud,12
vuj,5
vuk,2
vul,189
vulj,16
vum,1
vun,17
vur,13
vuč,43
vve,2
všav,1
w,21
wa,40
wal,16
wald,2
walln,1
wang,1
wap,1
war,6
ward,3
wart,1
wat,1
watt,2
wav,1
way,6
wbem,1
wbo,2
wca,1
wcdma,1
wcu,1
we,45
web,23
websp,1
wel,7
well,10
welt,1
wen,2
went,2
wer,6
werpc,1
wert,1
west,2
whe,1
whi,2
whist,1
whit,2
whkon,2
whle,2
who,2
wi,30
wic,1
wich,2
wick,2
wid,1
wig,1
wil,21
will,1
willy,2
wim,6
win,17
wind,1
wing,1
wirt,1
wis,1
wit,1
witch,1
wits,1
witsch,1
witt,1
witz,1
wlan,1
wo,9
wob,1
wolf,2
wor,9
word,2
words,1
work,2
works,1
world,4
wort,4
worth,1
wr,3
wra,1
wright,1
wron,2
wrt,3
wry,1
wta,1
wto,3
wu,1
wup,1
wylli,2
wyro,2
x,16
xa,7
xan,1
xas,1
xdi,1
xe,2
xel,6
xem,3
xi,8
xis,1
xiv,1
xix,1
xje,1
xla,3
xo,9
xom,3
xor,1
xos,1
xov,2
xper,1
xpo,1
xref,1
xrez,1
xse,1
xter,1
xu,6
xve,1
xvi,3
xwin,1
xxi,3
xxiv,1
xxix,1
xxvi,3
xzra,4
y,8
ya,10
yal,1
yan,4
yang,1
yant,1
yar,1
yas,2
ybu,1
ye,39
yehc,1
yem,1
yer,7
yern,1
yes,4
yev,15
yi,4
yo,10
yor,5
york,3
yos,1
yot,1
yov,1
ypo,1
ypri,1
yspoj,1
yu,3
yvi,2
yzrak,1
z,83
za,28911
zac,24
zack,1
zad,68
zah,105
zaj,292
zajc,1
zajn,3
zak,54
zakt,45
zal,245
zalj,48
zalm,1
zalt,16
zam,700
zan,542
zant,83
zap,15
zapt,1
zar,211
zard,1
zart,1
zas,1
zast,2
zat,133
zav,146
zavč,13
zač,27
zaš,22
zaž,1
zba,504
zban,15
zbar,44
zbe,171
zbej,1
zben,2
zbest,20
zbi,600
zbih,3
zbij,28
zbije,1
zbilj,93
zbim,1
zbin,3
zbir,66
zbit,4
zbiv,6
zbiš,1
zbje,271
zbjeg,1
zbla,36
zble,5
zbli,63
zblije,1
zblo,2
zblu,40
zbo,411
zbog,1
zboh,1
zboj,70
zbol,55
zbom,8
zbor,137
zbost,1
zbov,1
zboš,6
zbr,112
zbra,107
zbrad,1
zbrah,1
zbran,1
zbrat,1
zbrav,1
zbrač,1
zbrd,1
zbri,242
zbrij,3
zbro,129
zbroj,41
zbru,37
zbu,358
zbub,2
zbud,50
zbuj,3
zbuk,35
zbur,51
zburg,2
zbuč,14
zcta,1
zda,966
zdah,63
zdaj,62
zdalj,3
zdam,10
zdan,33
zdar,25
zdast,4
zdat,14
zdav,16
zdaš,15
zde,256
zdeb,2
zdek,1
zden,15
zdi,507
zdih,2
zdije,3
zdik,27
zdim,8
zdin,14
zdinsk,1
zdit,4
zdiv,2
zdiš,7
zdje,109
zdjel,29
zdjelj,10
zdjet,5
zdo,87
zdol,4
zdom,14
zdor,1
zdost,1
zdov,1
zdr,467
zdra,544
zdrah,1
zdrav,64
zdre,9
zdrem,1
zdri,11
zdrije,1
zdrim,1
zdrit,1
zdriš,1
zdro,82
zdrom,1
zdrt,1
zdru,56
zdrug,1
zdrš,9
zdu,278
zduh,1
zduj,3
zdun,1
zdup,2
zdupst,1
zduž,1
zdva,99
zdvi,1
zdvo,128
zdvoj,46
ze,2776
zeb,9
zec,1
zeh,7
zej,32
zek,2
zel,41
zem,106
zeml,1
zemlj,1
zen,287
zent,5
zep,6
zepst,2
zer,568
zert,1
zes,1
zet,169
zev,10
zeč,10
zeš,14
zga,408
zgah,3
zgaj,10
zgalj,2
zgam,4
zgan,3
zgar,4
zgat,4
zgav,17
zgać,8
zgač,2
zgaš,3
zge,11
zgen,1
zgi,104
zgib,2
zgin,1
zgla,317
zglad,38
zglan,3
zglas,1
zglav,8
zgle,157
zgled,4
zglo,59
zglob,21
zgnja,3
zgnje,59
zgnji,1
zgnju,2
zgo,676
zgod,3
zgoj,13
zgom,7
zgon,11
zgor,3
zgos,1
zgov,2
zgr,167
zgra,484
zgrad,27
zgrast,1
zgre,118
zgreb,1
zgred,2
zgren,2
zgrep,1
zgrepst,1
zgri,119
zgrij,2
zgrije,1
zgrin,1
zgrist,1
zgro,89
zgrom,1
zgru,88
zgu,288
zguš,6
zi,17810
zib,1
zic,1
zid,28
zif,1
zih,44
zij,686
zije,4
zijev,1
zik,8
zikl,1
zil,46
zim,165
zin,390
zing,2
zink,1
zip,9
zir,207
zis,2
zist,3
zit,158
ziv,122
zić,3
zič,251
ziš,66
zja,396
zjak,5
zjan,15
zjap,1
zje,261
zjed,2
zjeg,2
zjem,1
zjest,1
zjev,1
zji,3
zjih,1
zjim,1
zjo,5
zjoj,1
zjom,1
zju,25
zla,566
zlac,1
zlaj,1
zlak,2
zlan,15
zlat,46
zlaz,3
zle,244
zlen,1
zlet,37
zli,643
zlih,7
zlij,6
zlije,11
zlim,2
zlin,9
zling,2
zlit,3
zliv,3
zlić,2
zlič,37
zlje,1
zlo,1125
zlob,60
zlog,5
zloj,6
zlom,17
zlost,1
zlov,7
zloć,1
zloš,2
zlu,260
zluk,1
zluč,15
zma,994
zmah,7
zmaj,13
zmak,4
zmal,4
zmam,2
zman,22
zmanj,10
zmar,17
zmat,34
zmav,1
zmaz,1
zmač,1
zmaš,2
zme,516
zmek,28
zmem,3
zmen,1
zmet,85
zmeš,7
zmi,1307
zmid,1
zmih,11
zmij,13
zmije,5
zmim,14
zmin,1
zmir,7
zmist,1
zmič,3
zmo,461
zmom,370
zmon,7
zmos,2
zmov,1
zmu,445
zmut,3
zna,2126
znad,11
znah,10
znaj,118
znak,5
znal,14
znam,10
znan,179
znar,8
znat,164
znav,15
znač,106
znaš,11
znda,1
zne,724
znem,20
znen,2
zner,17
znew,1
zneš,21
zni,2123
znih,204
znije,4
znik,27
znim,215
znis,2
znit,6
zniv,5
znič,36
zniš,6
znja,16
znjak,2
znje,46
znjev,1
zno,1277
znog,176
znoj,221
znom,186
znos,1
znost,74
znoš,44
znu,616
znuh,17
znuj,3
znut,70
znuv,24
zo,4404
zob,55
zof,29
zog,3
zoh,10
zoj,51
zol,38
zom,326
zon,206
zont,1
zop,53
zor,615
zork,1
zos,1
zot,70
zov,49
zozp,1
zoč,80
zpo,1
zr,163
zra,1257
zrad,14
zrak,9
zrast,2
zraz,1
zrač,115
zre,648
zred,27
zreh,3
zrel,4
zrem,4
zren,5
zrep,2
zret,5
zrev,6
zrez,2
zreš,3
zri,436
zrich,1
zrih,1
zrije,8
zrim,2
zrin,17
zrinj,14
zriv,4
zrič,14
zriš,2
zrn,10
zro,309
zrod,1
zrog,1
zrok,3
zroč,36
zru,246
zruj,3
zruk,1
zrun,1
zruč,1
zu,2792
zub,31
zuc,43
zud,3
zug,2
zuh,3
zuj,77
zul,165
zulj,2
zult,1
zum,40
zun,1
zup,24
zur,100
zus,5
zust,2
zut,4
zuv,25
zuč,1
zuš,5
zva,607
zvad,4
zvah,10
zvan,269
zvanj,14
zvat,10
zvav,14
zvdu,1
zve,545
zvec,28
zved,36
zvek,1
zven,2
zvest,2
zvev,2
zveč,1
zvi,961
zvid,1
zvih,2
zvij,6
zvije,4
zvijer,1
zvijež,2
zvik,1
zvit,5
zviv,4
zvje,413
zvjen,2
zvjer,59
zvjeđ,1
zvješ,29
zvo,906
zvod,97
zvoj,37
zvolj,79
zvom,1
zvon,59
zvor,71
zvoz,4
zvr,24
zvrc,21
zvrk,1
zvrn,25
zvu,205
zvuk,4
zvuč,176
zweck,1
zwit,1
zzo,1
ća,3009
ćah,56
ćaj,258
ćak,13
ćam,31
ćan,406
ćap,1
ćar,160
ćas,1
ćast,5
ćat,30
ćav,12
ćaš,30
će,4726
ćef,1
ćeg,227
ćem,612
ćen,228
ćenk,1
ćer,61
ćet,27
ćev,104
ćeš,79
ći,7919
ćif,8
ćih,491
ćim,322
ćin,123
ćip,1
ćit,19
ćiv,19
ćić,2
ćiš,22
ćo,281
ćob,4
ćoj,299
ćom,362
ćor,15
ćost,2
ću,3971
ćud,56
ćuf,1
ćuj,133
ćuk,2
ćun,2
ćunj,1
ćup,1
ćur,97
ćut,128
ćuč,13
ćuš,1
č,4
ča,9498
čac,19
čad,55
čag,1
čah,124
čaj,466
čak,68
čal,19
čalj,8
čam,49
čan,1377
čanj,26
čap,8
čar,1418
čas,7
čast,77
čat,139
čav,124
čađ,1
čaš,108
če,11489
čec,1
čed,9
čeg,13
čeh,9
čej,3
ček,13
čel,133
čelj,3
čem,529
čen,398
čenj,14
čep,6
čer,135
čert,1
česn,1
čest,3
čet,160
čev,76
čeć,1
češ,174
či,10002
čid,2
čif,7
čih,159
čik,3
čil,2
čim,328
čin,385
činj,3
čip,92
čips,1
čir,1
čis,7
čist,4
čit,313
čiv,222
čić,173
čič,3
čiš,468
čka,1636
čkah,12
čkaj,34
čkalj,1
čkam,13
čkan,10
čkast,2
čkat,12
čkav,6
čkaš,12
čke,929
čket,1
čki,2558
čkih,994
čkim,984
čkin,1
čkić,2
čko,2712
čkog,732
čkoj,976
čkom,1026
čkot,1
čkov,12
čku,1015
čkuj,3
čla,229
člaj,1
člam,11
član,73
čli,3
člij,2
člu,14
čluk,2
čma,105
čmar,25
čme,93
čmen,12
čmi,38
čmim,2
čmit,1
čmić,1
čmič,4
čmiš,1
čmo,5
čmom,4
čmu,4
čo,700
čoj,10
čok,3
čom,175
čon,1
čor,78
čr,104
črn,14
čru,1
črvš,1
črč,24
ču,3111
čuh,8
čuj,143
čuk,3
čul,44
čulj,18
čun,126
čunj,2
čup,31
čur,16
čut,4
čuv,86
čuč,32
čva,133
čvah,1
čvaj,3
čvam,1
čvan,3
čvar,34
čvast,2
čvat,1
čvaš,2
čve,4
čvi,15
čvilj,7
čvo,127
čvom,3
čvor,46
čvorč,1
čvr,201
čvrlj,7
čvrs,1
čvrst,3
čvrš,158
čvu,3
đa,2096
đah,126
đaj,108
đak,4
đal,4
đam,25
đan,215
đar,45
đast,4
đat,24
đav,25
đać,1
đač,10
đaš,26
đe,3562
đeg,16
đel,12
đem,70
đen,327
đer,36
đev,27
đeš,29
đi,2303
đih,19
đij,5
đil,1
đim,26
đin,84
đir,1
đit,3
điv,4
đić,3
điš,3
đo,202
đoh,27
đoj,21
đom,51
đon,1
đor,33
đost,1
đov,1
đu,1720
đuj,192
đul,1
đum,8
đur,61
đuv,2
š,2
ša,5362
šac,11
šah,93
šaht,1
šaj,208
šak,34
šal,44
šalj,13
šam,100
šan,343
šanj,4
šank,1
šant,3
šap,16
šar,208
šarm,1
šast,14
šat,50
šav,114
šač,14
šaš,63
šbis,1
še,12105
šec,1
šef,1
šeg,15
šeh,1
šej,4
šejl,2
šek,25
šeks,1
šel,8
šelf,2
šelj,1
šem,239
šen,281
šer,20
šes,3
šest,6
šet,28
šev,66
šeć,1
šeš,65
ši,10012
šib,7
šic,1
šid,18
ših,106
šij,46
šije,1
šik,16
šilj,29
šilt,1
šim,141
šin,115
šing,3
šinj,27
šip,24
šir,26
šis,1
šist,4
šit,110
šiv,132
šić,133
šič,18
šiš,102
šja,13
šje,20
šjeg,3
šjem,9
šji,13
šjih,3
šjim,3
šjoj,3
šjom,3
šjor,1
šju,18
ška,1033
škaf,1
škah,11
škaj,38
škal,11
škam,18
škamp,1
škan,12
škanj,7
škar,50
škart,1
škast,8
škat,27
škatl,1
škav,11
škač,1
škaš,12
ške,323
škem,2
škent,4
ški,813
ških,243
škim,247
škin,6
škir,14
škić,1
škljo,31
škljoc,25
šklov,3
ško,1147
škod,68
škog,201
škoj,231
škol,141
školj,40
škom,288
škop,6
škor,22
škost,2
škot,21
škov,15
škoš,1
škr,129
škra,51
škre,6
škri,186
škrilj,7
škrin,2
škrip,10
škro,115
škrob,17
škrop,6
škrt,8
šku,330
škuj,6
škva,2
škve,1
škver,5
škvor,1
škvorc,1
šla,60
šlag,1
šlaj,8
šlajm,1
šlam,34
šle,70
šlep,1
šler,1
šli,70
šlic,1
šlih,7
šlim,10
šlin,3
šlić,1
šlja,787
šljah,20
šljaj,50
šljak,1
šljam,18
šljan,32
šljar,1
šljast,2
šljat,19
šljav,10
šljač,2
šljaš,19
šlje,285
šljem,4
šljen,15
šlješ,2
šlji,467
šljiv,34
šljić,1
šljo,14
šljom,1
šlju,73
šljun,84
šlo,84
šlog,3
šloj,7
šlom,5
šlost,1
šloš,1
šlu,27
šluk,2
šlus,2
šma,38
šmaj,7
šman,39
šmar,9
šmaš,1
šme,1
šmi,17
šmin,90
šmir,16
šmirgl,2
šmiš,1
šmo,13
šmolj,2
šmr,91
šmrc,1
šmrk,1
šmu,30
šna,168
šnaj,11
šnaps,1
šnar,2
šnast,1
šnat,1
šne,144
šnem,2
šnen,1
šneš,2
šni,1332
šnic,7
šnih,130
šnik,24
šnim,124
šnič,16
šnja,556
šnjah,2
šnjak,57
šnjan,2
šnjar,1
šnjav,2
šnje,373
šnjeg,180
šnjem,87
šnjen,11
šnjev,3
šnji,433
šnjih,82
šnjik,1
šnjim,91
šnjiv,6
šnjić,1
šnjo,28
šnjoj,90
šnjom,94
šnjost,10
šnjov,1
šnjoš,6
šnju,116
šnjuj,4
šnjur,1
šno,543
šnog,110
šnoj,127
šnom,148
šnost,45
šnoš,32
šnu,158
šnuh,2
šnut,2
šnuv,2
šo,448
šoj,25
šok,7
šol,14
šom,119
šon,4
šov,10
špa,115
špaj,4
špan,17
špar,32
špe,103
špek,8
šper,8
špi,128
špic,2
špigl,1
špih,1
špil,2
špilj,9
špin,5
špo,4
špoj,1
špom,1
špor,13
šport,14
špr,1
špre,3
šprem,1
špri,53
špring,1
špu,8
šra,42
šraf,1
šrap,1
šre,1
šrek,1
šri,8
šrot,1
šru,2
šta,2341
štab,18
štac,3
štad,1
štah,31
štaj,172
štajn,9
štak,2
štal,1
štalj,17
štam,220
štan,134
štand,1
štap,6
štar,61
štat,30
štav,9
štač,3
štaš,23
šte,2368
šted,68
štek,21
štel,4
štem,188
šten,129
štep,2
šter,3
štet,75
štev,2
šteš,1
šti,1568
štih,35
štij,11
štik,3
štil,1
štilj,2
štim,44
štin,62
štip,10
štir,64
štit,114
štiv,22
štić,2
štič,12
štiš,28
što,353
štof,1
štog,3
štoj,16
štok,1
štolj,2
štom,31
štor,1
štos,1
štost,2
štr,180
štra,83
štrah,1
štraj,69
štrajk,8
štrak,1
štram,3
štran,4
štrav,1
štrač,1
štrb,2
štrc,1
štre,114
štrec,6
štren,7
štri,137
štrih,8
štrik,1
štrim,7
štrit,6
štriv,4
štriš,5
štrk,1
štro,121
štrog,1
štroj,3
štrok,1
štrom,4
štrp,1
štru,25
štrudl,1
štu,413
štuc,2
štuj,6
štuk,1
štun,8
štur,3
štva,126
štvan,8
štve,100
štven,2
štvi,98
štvih,1
štvo,179
štvoj,1
štvom,103
štvu,106
šu,1624
šuf,5
šuft,1
šuj,37
šuk,1
šum,27
šun,16
šund,1
šup,6
šur,4
šus,2
šut,71
šva,19
švab,1
švan,21
švap,12
švar,12
švast,1
šve,15
šved,20
šven,1
šver,54
šverc,1
švi,33
švin,4
švo,2
švr,27
šća,1
šćap,1
šće,3
šćir,1
šćit,4
šću,31
šča,239
ščad,1
ščaj,1
ščak,1
ščan,55
ščar,3
ščast,1
ščat,1
ščaš,19
šče,402
ščem,1
ščen,2
ščev,2
šči,243
ščin,11
ščit,1
ščić,16
ščiš,21
ščo,1
ščom,1
šču,120
ščuj,1
ščvr,1
ž,1
ža,3912
žab,2
žac,36
žad,2
žah,75
žaj,253
žak,22
žal,45
žalj,32
žallj,1
žam,11
žan,313
žanj,24
žap,1
žar,206
žas,1
žast,10
žat,27
žav,32
žač,10
žaš,12
žba,171
žbah,2
žbaj,6
žbam,2
žban,7
žbat,2
žbav,1
žbač,1
žbaš,2
žbe,196
žben,4
žbi,50
žbir,1
žbo,66
žbolt,1
žbom,14
žbu,114
žbuj,3
žbun,1
žda,135
ždah,3
ždaj,3
ždak,1
ždalj,8
ždam,1
ždan,5
ždar,19
ždat,3
ždav,1
ždač,1
ždaš,2
žde,283
ždem,1
žden,4
žder,24
ždi,104
ždih,1
ždim,6
ždin,21
ždit,2
ždiv,1
ždiš,5
ždo,19
ždom,3
ždov,1
ždr,55
ždra,60
ždral,1
ždrav,8
ždre,26
ždrem,2
ždreš,1
ždri,107
ždrije,8
ždrijeb,1
ždrijel,1
ždrje,12
ždro,26
ždru,2
ždu,20
žduk,2
že,5105
žed,14
žef,1
žeg,23
žeh,3
žej,1
žek,2
želj,197
žem,161
žemb,3
žen,381
žer,76
žest,1
žet,12
žev,35
žeć,4
žeđ,1
žeš,135
žga,31
žgah,1
žgaj,3
žgan,4
žgav,1
žgo,33
ži,5720
žid,2
žig,1
žih,116
žij,14
žik,1
žil,43
žilj,12
žim,192
žin,93
žinj,2
žir,37
žist,2
žit,136
živ,252
žić,44
žič,58
žiš,124
žišt,1
žla,5
žlad,1
žle,3
žlec,1
žli,96
žlih,1
žlije,5
žlijeb,1
žlič,4
žlja,75
žljaj,2
žljast,1
žljat,1
žljav,3
žlje,71
žljeb,4
žlji,767
žljiv,73
žloj,1
žlom,1
žlu,1
žlun,1
žma,29
žman,6
žmar,3
žme,14
žmek,1
žmem,4
žmeš,2
žmi,78
žminj,1
žmir,65
žmo,1
žmu,9
žna,196
žnaj,1
žnat,3
žne,113
žni,1357
žnih,120
žnik,29
žnim,118
žnič,30
žnja,266
žnjah,2
žnjak,22
žnjan,31
žnjač,1
žnje,228
žnjeg,4
žnjem,13
žnjen,7
žnjet,1
žnjev,3
žnješ,3
žnji,154
žnjih,6
žnjim,7
žnjit,1
žnjiv,4
žnjić,4
žnjič,1
žnjo,11
žnjoj,5
žnjom,15
žnjost,1
žnju,24
žno,678
žnog,100
žnoj,118
žnom,114
žnost,44
žnoš,31
žnu,114
žo,141
žoj,20
žok,1
žom,109
žon,20
žor,1
žost,1
žot,1
žov,4
žoš,1
žr,138
žre,2
žu,1555
žud,7
žuh,3
žuj,95
žul,1
žulj,36
žum,4
žun,13
žup,12
žur,223
žurb,14
žut,8
žuć,43
žuč,81
žva,224
žvah,3
žvaj,9
žvam,3
žvan,3
žvar,1
žvast,1
žvat,3
žvav,3
žvač,15
žvaš,3
žve,3
žvi,5
žvih,1
žvo,2
žvom,2
žvr,2
žvu,2
